card,reports,age,income,share,expenditure,owner,selfemp,dependents,months,majorcards,active,client_name,sex,city,city_code,city_zone
high,0,37,4.52,0.03,124.98,yes,no,3,54.0,1,12,Ivan Gomez,Male,Other,0,11020
high,0,33,2.42,0.01,9.85,no,no,3,34.0,1,13,Sean Williams,Not Declared,Other,0,11020
high,0,33,4.5,0.0,15.0,yes,no,4,58.0,1,5,William Beard,Male,Other,0,11020
high,0,30,2.54,0.07,137.87,no,no,0,25.0,1,7,Cynthia Cuevas,Female,Other,0,11020
high,0,32,9.79,0.07,546.5,yes,no,2,64.0,1,5,Julie Davis,Female,Sacramento,1,11021
high,0,23,2.5,0.04,92.0,no,no,0,54.0,1,1,Matthew Johnson,Male,Other,0,11020
high,0,27,3.96,0.01,40.83,no,no,2,7.0,1,5,David Rodriguez,Male,Other,0,11020
high,0,29,2.37,0.08,150.79,yes,no,0,77.0,1,3,Bryan Rodriguez,Male,San Francisco,3,11023
high,0,37,3.8,0.25,777.82,yes,no,0,97.0,1,6,Gregory Graves,Male,Sacramento,1,11021
high,0,28,3.2,0.02,52.58,no,no,0,65.0,1,18,Sarah Rivera,Female,Other,0,11020
high,0,30,3.95,0.08,256.66,yes,no,1,24.0,1,20,Steven Reese,Male,San Diego,2,11022
low,0,42,1.98,0.0,0.0,yes,no,2,36.0,1,0,John Mason,Male,Other,0,11020
low,0,30,1.73,0.0,0.0,yes,no,1,42.0,0,12,David Andrews,Male,Other,0,11020
high,0,28,2.45,0.04,78.87,yes,no,0,26.0,1,3,Micheal Le,Male,Other,0,11020
high,0,35,1.91,0.03,42.62,yes,no,2,120.0,0,5,Matthew Valdez,Male,Other,0,11020
high,0,41,3.2,0.13,335.44,yes,no,1,168.0,1,22,Jason Rhodes,Male,San Diego,2,11022
high,0,40,4.0,0.07,248.72,yes,no,2,96.0,1,0,Amy Horn,Female,San Diego,2,11022
low,7,29,3.0,0.0,0.0,yes,no,2,60.0,1,8,Cassie Yoder,Female,Other,0,11020
high,0,39,10.0,0.07,548.04,yes,yes,0,28.0,1,0,David Wang,Male,Sacramento,1,11021
low,3,45,3.4,0.0,0.0,no,no,0,28.0,1,10,Pamela Williams,Female,Other,0,11020
high,0,35,2.35,0.02,43.34,yes,no,2,115.0,1,1,Gordon Fuller,Male,Other,0,11020
low,1,25,1.88,0.0,0.0,no,no,2,7.0,0,2,Jennifer Rodriguez,Female,Other,0,11020
high,0,34,2.0,0.13,218.52,yes,no,0,12.0,1,0,Brad Nichols,Male,San Diego,2,11022
high,1,35,4.0,0.05,170.64,no,no,2,18.0,1,22,Christopher Huff,Male,San Francisco,3,11023
high,0,42,5.14,0.01,37.58,yes,no,2,13.0,1,17,Greg Oliver,Male,Other,0,11020
high,0,30,4.51,0.13,502.2,no,no,2,38.0,1,7,Brandon Myers,Male,Sacramento,1,11021
low,0,21,3.84,0.0,0.0,no,yes,1,12.0,0,1,Terry Stewart,Male,Other,0,11020
high,0,22,1.5,0.06,73.18,no,no,0,64.0,1,6,Russell Tyler,Male,Other,0,11020
low,0,34,2.5,0.0,0.0,yes,no,1,12.0,1,0,Christopher Johnson,Male,Other,0,11020
high,0,40,5.5,0.33,1532.77,yes,no,4,74.0,1,19,James Green,Male,Sacramento,1,11021
high,0,21,2.03,0.03,42.69,no,no,0,9.0,0,5,Adam Clayton,Male,Other,0,11020
high,1,29,3.2,0.16,417.84,no,no,0,14.0,1,6,Nathaniel Aguirre,Male,San Diego,2,11022
low,1,24,3.15,0.0,0.0,yes,no,1,40.0,1,5,Richard Horton,Male,Other,0,11020
high,0,21,2.47,0.27,552.72,yes,no,1,12.0,1,10,Frank Levine,Male,Sacramento,1,11021
high,0,23,3.0,0.09,222.54,no,no,0,12.0,1,5,Judith Salas,Female,San Diego,2,11022
high,0,42,3.54,0.18,541.3,yes,no,6,108.0,1,15,Patricia Norris,Female,Sacramento,1,11021
low,0,42,2.28,0.0,0.0,no,no,2,46.0,1,0,Joshua Conner,Male,Other,0,11020
high,0,36,5.7,0.12,568.77,yes,no,1,36.0,1,16,Shawn Jones,Not Declared,Sacramento,1,11021
high,0,26,3.5,0.12,344.47,no,no,0,2.0,1,14,Robert Mercer,Male,San Diego,2,11022
high,0,27,4.6,0.11,405.35,yes,no,4,28.0,1,13,Amy Rivera,Female,San Diego,2,11022
medium,0,26,3.0,0.12,310.94,yes,no,0,7.0,1,10,Richard Rice,Male,San Diego,2,11022
high,0,23,2.58,0.03,53.64,no,no,0,8.0,1,1,Jake Foley,Male,Other,0,11020
high,0,29,1.51,0.05,63.92,no,no,1,7.0,0,1,Andre Knox,Male,Other,0,11020
high,0,30,1.85,0.11,165.86,no,no,0,60.0,1,12,Sharon Tran,Female,San Francisco,3,11023
high,0,38,2.6,0.0,9.58,no,no,0,12.0,1,1,Richard Bell,Male,Other,0,11020
low,0,28,1.8,0.0,0.0,no,yes,2,26.0,1,2,Austin Burns,Male,Other,0,11020
high,0,35,2.0,0.19,319.49,no,no,0,156.0,1,4,Matthew Hayes,Male,San Diego,2,11022
low,0,37,3.26,0.0,0.0,no,no,1,98.0,0,1,Andrew Reilly,Male,Other,0,11020
high,0,26,2.35,0.04,83.08,no,no,1,30.0,0,2,Jill Flores,Female,Other,0,11020
high,0,27,7.0,0.11,644.83,yes,no,0,164.0,1,13,Bobby Odonnell,Male,Sacramento,1,11021
low,0,49,3.6,0.0,0.0,no,no,2,12.0,0,0,Sean Choi,Male,Other,0,11020
high,0,24,2.0,0.06,93.2,no,no,0,18.0,1,12,Sara Moreno,Female,Other,0,11020
high,0,20,1.7,0.07,105.04,no,no,0,6.0,1,4,Kevin Stone,Male,Other,0,11020
high,0,23,2.8,0.01,34.12,no,no,2,48.0,1,8,Michael Jones,Male,Other,0,11020
high,0,25,2.4,0.02,41.19,no,no,0,34.0,1,2,Michael Snyder,Male,Other,0,11020
high,1,32,3.0,0.07,169.89,no,no,0,216.0,0,5,James Davis,Male,San Francisco,3,11023
high,0,34,4.8,0.47,1898.03,no,no,3,12.0,1,1,Paul Livingston,Not Declared,Sacramento,1,11021
high,0,33,3.18,0.31,810.39,no,no,4,18.0,0,3,Jaime Murray,Not Declared,Sacramento,1,11021
low,0,44,1.8,0.0,0.0,no,no,2,33.0,0,0,Emma Yang,Female,Other,0,11020
high,0,21,1.5,0.03,32.78,no,no,0,20.0,1,4,Sharon Johnson,Female,Other,0,11020
high,2,25,3.0,0.04,95.8,no,no,0,8.0,0,4,Zachary Cruz,Male,Other,0,11020
high,0,27,2.28,0.01,27.78,no,no,3,36.0,1,5,James Green,Male,Other,0,11020
high,0,26,2.8,0.09,215.07,no,no,1,12.0,1,16,Erin Rodriguez,Female,San Diego,2,11022
high,0,22,2.7,0.04,79.51,no,no,0,3.0,1,0,Willie Arnold,Male,Other,0,11020
low,3,27,4.9,0.0,0.0,yes,no,2,16.0,1,15,Thomas Smith,Male,Other,0,11020
low,0,26,2.5,0.0,0.0,no,yes,0,18.0,0,0,Laurie Bowen,Not Declared,Other,0,11020
high,0,40,6.0,0.06,306.03,no,yes,2,182.0,1,16,Lydia Edwards,Female,San Diego,2,11022
high,0,42,3.9,0.03,104.54,no,no,0,78.0,1,2,James Jones,Male,Other,0,11020
low,0,21,5.1,0.0,0.0,no,no,0,25.0,1,0,Brooke Jordan,Female,Other,0,11020
high,0,24,3.07,0.25,642.47,no,no,0,4.0,1,0,Brianna Elliott,Female,Sacramento,1,11021
high,0,30,2.46,0.15,308.05,yes,no,2,53.0,1,16,Michael White,Male,San Diego,2,11022
high,0,27,2.0,0.11,186.35,no,no,0,9.0,1,5,Bruce Simmons,Male,San Francisco,3,11023
high,0,33,3.25,0.02,56.15,no,no,2,144.0,0,2,Olivia Martin,Female,Other,0,11020
high,0,37,2.72,0.06,129.37,no,no,2,13.0,1,14,Sean White,Male,Other,0,11020
high,0,26,2.2,0.05,93.11,no,no,0,144.0,1,10,Jeffrey Nelson,Male,Other,0,11020
low,1,24,4.1,0.0,0.0,no,no,1,5.0,0,4,Alicia Cooper,Female,Other,0,11020
high,0,24,3.75,0.09,292.66,no,no,0,18.0,1,11,Matthew Rios,Male,San Diego,2,11022
high,0,25,2.88,0.04,98.46,no,no,0,7.0,1,0,Bradley Pearson,Male,Other,0,11020
high,0,0,3.05,0.1,258.55,no,no,1,94.0,1,5,Sean Morgan Jr.,Male,San Diego,2,11022
high,0,32,2.55,0.05,101.68,no,no,2,6.0,1,18,Paul Reilly,Male,Other,0,11020
low,0,32,4.0,0.0,0.0,no,no,2,25.0,1,0,Adam Wilson,Male,Other,0,11020
high,1,54,2.64,0.03,65.25,yes,no,1,78.0,1,19,Xavier Sanchez,Male,Other,0,11020
high,0,19,1.65,0.08,108.61,no,no,0,37.0,1,8,Stephanie Cochran,Female,Other,0,11020
high,0,29,2.4,0.02,49.56,no,no,0,30.0,1,4,Peter Brown,Male,Other,0,11020
low,3,40,3.71,0.0,0.0,no,no,2,15.0,1,11,Karen Le,Female,Other,0,11020
high,0,40,7.24,0.04,235.57,yes,no,2,177.0,1,13,Tricia Robinson,Female,San Diego,2,11022
low,0,41,4.39,0.0,0.0,yes,no,3,172.0,1,9,Kevin Pierce,Male,Other,0,11020
low,0,34,3.3,0.0,0.0,yes,no,2,33.0,0,18,Mark Ramirez,Male,Other,0,11020
low,0,23,2.3,0.0,0.0,no,no,1,12.0,1,0,Gregory Reilly,Male,Other,0,11020
low,1,53,4.18,0.0,0.0,no,no,1,288.0,1,2,Sharon Fuller,Female,Other,0,11020
low,2,34,2.49,0.0,0.0,no,no,1,87.0,1,3,William Thompson,Male,Other,0,11020
low,0,44,2.81,0.0,0.0,yes,no,5,4.0,1,0,Ashley Young,Female,Other,0,11020
high,0,43,2.4,0.03,68.38,no,no,0,12.0,1,0,Caitlin Mclaughlin,Female,Other,0,11020
low,4,35,1.5,0.0,0.0,no,no,1,7.0,1,9,Susan Williams,Female,Other,0,11020
low,2,35,8.4,0.0,0.0,no,no,2,69.0,1,12,Michael Romero,Male,Other,0,11020
high,0,21,1.56,0.0,0.0,no,no,0,12.0,1,2,Reginald Gross,Male,Other,0,11020
high,1,32,6.0,0.09,474.15,yes,no,0,48.0,1,6,Robert Keller,Male,Sacramento,1,11021
medium,1,25,3.6,0.08,234.05,no,no,2,12.0,1,4,Anthony Brown,Male,San Diego,2,11022
high,0,26,5.0,0.11,451.2,yes,no,0,5.0,1,16,Gary Williams,Male,San Diego,2,11022
high,0,46,5.5,0.05,251.52,yes,no,2,161.0,1,7,Alexander Robinson,Male,San Diego,2,11022
high,1,35,10.0,0.11,917.54,yes,no,0,72.0,1,29,Robert Graves,Male,Sacramento,1,11021
low,0,35,4.55,0.0,0.0,yes,no,3,36.0,1,15,Joshua Lee,Male,Other,0,11020
low,0,20,2.9,0.0,0.0,no,no,0,36.0,1,3,Valerie Franco,Female,Other,0,11020
high,0,25,1.8,0.1,147.72,no,no,0,1.0,0,9,James Huff,Male,San Francisco,3,11023
high,0,31,4.2,0.05,166.73,yes,no,0,53.0,1,0,Jody Spence,Female,San Francisco,3,11023
medium,0,23,3.92,0.23,741.5,no,no,0,16.0,1,0,Allen Smith,Male,Sacramento,1,11021
high,0,23,3.62,0.04,106.17,no,no,1,51.0,0,6,Rebecca Hamilton,Female,Other,0,11020
high,0,24,2.48,0.13,271.47,no,no,0,18.0,1,0,Jose Brown,Male,San Diego,2,11022
high,0,40,10.0,0.08,635.05,yes,no,3,120.0,1,17,Walter Joseph,Male,Sacramento,1,11021
high,0,43,10.04,0.02,182.82,yes,no,1,12.0,1,18,Jessica Kirby,Female,San Francisco,3,11023
high,0,23,2.95,0.04,89.37,yes,no,0,12.0,1,17,Anna Yu,Female,Other,0,11020
high,0,41,5.0,0.24,1011.33,no,no,1,36.0,1,5,Victor Luna,Male,Sacramento,1,11021
high,0,28,2.4,0.11,227.37,no,no,0,1.0,1,29,Chloe Walker,Female,San Diego,2,11022
high,0,45,13.5,0.01,115.42,yes,no,2,126.0,1,9,Alexander Owens,Male,Other,0,11020
low,3,25,4.0,0.0,0.0,no,no,0,36.0,0,5,Lawrence Williams,Male,Other,0,11020
high,1,37,3.9,0.09,297.97,no,no,0,51.0,1,4,Evan Guzman,Male,San Diego,2,11022
high,1,37,2.0,0.06,101.26,yes,no,3,42.0,1,3,Michael Jensen,Male,Other,0,11020
high,0,30,2.15,0.03,56.69,no,no,0,12.0,1,4,Heather Weiss,Female,Other,0,11020
high,0,21,3.0,0.03,77.36,no,no,2,18.0,0,2,Michele Garcia,Female,Other,0,11020
high,0,40,4.3,0.03,122.52,no,no,0,108.0,1,4,Richard Newton,Male,Other,0,11020
low,4,23,10.0,0.0,0.0,no,no,2,27.0,1,5,Andrew White DVM,Male,Other,0,11020
high,0,21,2.5,0.01,13.4,no,no,0,32.0,1,3,David Henry,Male,Other,0,11020
high,0,22,3.0,0.05,127.53,no,no,0,120.0,1,11,Jeffrey Hopkins,Male,Other,0,11020
high,0,40,2.6,0.0,8.33,yes,no,0,52.0,1,3,Rodney King,Male,Other,0,11020
high,1,18,1.66,0.06,78.43,yes,no,0,51.0,1,2,Elizabeth Daniels,Female,Other,0,11020
high,0,34,4.5,0.0,11.17,yes,yes,4,30.0,1,6,Patricia Lyons,Not Declared,Other,0,11020
high,0,25,5.0,0.03,131.88,no,no,0,38.0,1,16,Jonathan Morris,Male,Other,0,11020
high,0,20,1.74,0.19,277.99,no,no,0,8.0,1,11,Thomas Davis,Male,San Diego,2,11022
high,0,24,1.88,0.08,126.02,no,no,1,14.0,0,1,Joseph Jennings,Male,Other,0,11020
high,0,41,3.0,0.1,238.86,yes,no,3,120.0,0,0,Sara Collins,Female,San Diego,2,11022
low,5,31,4.2,0.0,0.0,no,no,3,52.0,0,19,Mark Thomas,Male,Other,0,11020
low,0,53,4.9,0.0,0.0,yes,yes,0,108.0,0,1,Samuel Davis,Male,Other,0,11020
high,0,24,2.13,0.02,37.08,no,no,1,13.0,1,4,Kevin Gillespie,Male,Other,0,11020
low,1,25,1.7,0.0,0.0,no,no,2,8.0,0,11,Jennifer Jarvis,Female,Other,0,11020
high,0,21,1.68,0.11,156.58,no,no,0,18.0,0,2,Brian Gonzalez,Male,San Francisco,3,11023
low,0,20,2.64,0.0,0.0,no,no,3,7.0,1,1,Christopher Austin,Male,Other,0,11020
medium,0,18,1.97,0.01,9.75,no,no,0,114.0,0,2,Sarah Hunt,Not Declared,Other,0,11020
high,0,22,3.3,0.04,108.4,no,no,0,6.0,1,8,Kelly Nelson,Female,Other,0,11020
high,0,21,1.59,0.21,271.55,no,no,0,180.0,1,16,Brandon Graham,Male,San Diego,2,11022
high,0,42,3.6,0.02,53.3,no,yes,0,41.0,0,14,Charles George,Not Declared,Other,0,11020
high,0,36,3.0,0.11,282.56,no,no,2,16.0,1,6,Steven Griffin,Male,San Diego,2,11022
high,0,41,3.8,0.08,263.33,no,no,0,67.0,1,4,Adam Robinson,Male,San Diego,2,11022
high,0,26,3.36,0.0,6.52,no,no,0,12.0,1,4,Kimberly Stone,Female,Other,0,11020
low,2,33,2.32,0.0,0.0,no,no,0,62.0,0,3,Joseph Lamb,Male,Other,0,11020
high,0,43,7.8,0.01,43.04,yes,no,0,60.0,0,2,Gerald Rasmussen,Male,Other,0,11020
high,0,30,2.5,0.04,73.8,yes,yes,3,30.0,1,9,Michael Barajas,Male,Other,0,11020
high,0,25,1.5,0.01,15.42,no,no,1,12.0,1,7,Kevin King,Male,Other,0,11020
high,0,35,3.58,0.1,313.35,yes,no,1,84.0,1,10,Jamie Austin,Female,San Diego,2,11022
high,1,44,4.0,0.02,59.19,yes,no,0,36.0,1,13,Jeffrey Mathis,Male,Other,0,11020
high,3,43,6.72,0.03,176.0,yes,no,3,30.0,1,27,Marcus Acosta,Male,San Francisco,3,11023
high,2,50,4.3,0.04,129.39,yes,yes,1,264.0,1,15,Benjamin Miller,Male,Other,0,11020
high,0,31,3.5,0.01,30.37,yes,no,1,36.0,1,5,Brandon Fuentes,Male,Other,0,11020
low,1,43,3.95,0.0,0.0,yes,no,2,27.0,1,4,Melissa Henderson,Not Declared,Other,0,11020
low,5,27,4.0,0.0,0.0,yes,no,0,37.0,1,7,Mr. Franklin Jones,Male,Other,0,11020
high,0,24,2.4,0.23,461.26,no,no,1,164.0,0,1,Collin Wagner,Male,San Diego,2,11022
high,0,49,2.7,0.09,199.73,yes,no,0,120.0,0,3,Austin Marshall,Male,San Francisco,3,11023
high,0,28,6.6,0.01,38.71,no,no,2,55.0,1,7,Cynthia Roberts,Female,Other,0,11020
high,0,26,2.7,0.04,92.26,no,no,0,18.0,1,0,Cody Williams,Male,Other,0,11020
high,0,29,4.1,0.04,145.38,no,no,0,13.0,1,0,Jordan Pena,Male,Other,0,11020
high,0,71,7.7,0.06,400.91,yes,no,1,24.0,1,9,Bryce Serrano,Male,San Diego,2,11022
high,0,24,2.8,0.06,138.71,no,no,0,5.0,1,0,Lisa Ellis,Female,Other,0,11020
high,0,25,3.12,0.04,110.3,no,no,2,3.0,1,6,Claudia Garrison,Female,Other,0,11020
high,0,24,2.3,0.03,54.65,no,no,0,30.0,1,2,Andrea Johnson,Female,Other,0,11020
high,0,30,3.67,0.0,4.58,yes,no,0,57.0,1,3,Brady Walters,Male,Other,0,11020
low,0,32,6.5,0.0,0.0,yes,no,0,50.0,1,6,Larry Leach,Male,Other,0,11020
high,0,23,2.56,0.15,320.52,no,no,1,11.0,1,2,Richard Boyd,Male,San Diego,2,11022
high,0,48,3.5,0.07,197.92,yes,no,0,48.0,1,9,Peter Bowers,Male,San Francisco,3,11023
high,0,25,3.24,0.03,68.87,no,no,0,30.0,1,19,Pedro Bolton,Male,Other,0,11020
high,0,25,3.48,0.05,148.26,yes,no,0,14.0,1,5,Dylan Carroll,Male,San Francisco,3,11023
high,0,24,2.94,0.03,68.53,no,no,0,14.0,1,0,Derrick Davis,Male,Other,0,11020
low,1,29,2.48,0.0,0.0,no,no,1,12.0,0,5,John Miller,Male,Other,0,11020
low,5,28,3.12,0.0,0.0,no,no,0,13.0,0,7,Kevin Thompson,Male,Other,0,11020
low,0,32,2.5,0.0,0.0,no,no,1,60.0,1,0,Kendra Graham,Female,Other,0,11020
high,0,26,3.0,0.05,121.56,yes,no,0,12.0,1,4,Breanna Parker,Female,Other,0,11020
high,0,34,6.0,0.02,86.23,yes,no,1,48.0,1,5,Gabrielle Monroe,Female,Other,0,11020
high,0,28,2.6,0.05,105.1,yes,no,0,27.0,1,6,Christian Everett,Male,Other,0,11020
high,0,23,3.9,0.02,58.99,no,no,1,14.0,1,7,George Gomez,Male,Other,0,11020
low,1,30,2.5,0.0,0.0,no,no,0,18.0,1,6,Jason Contreras,Male,Other,0,11020
low,1,34,3.3,0.0,0.0,no,no,3,48.0,0,3,Mathew Armstrong,Male,Other,0,11020
high,0,31,5.9,0.03,123.89,no,no,1,12.0,1,2,Emily Golden,Female,Other,0,11020
high,1,36,7.8,0.01,78.54,yes,no,1,24.0,1,18,Kathryn Clark,Not Declared,Other,0,11020
low,3,32,2.06,0.0,0.0,no,no,0,48.0,1,8,Robert Terrell,Male,Other,0,11020
high,0,31,5.7,0.01,38.06,yes,yes,2,84.0,0,26,Amanda Burgess,Female,Other,0,11020
high,0,28,2.16,0.03,46.14,no,no,2,7.0,1,0,Gabrielle White,Female,Other,0,11020
low,3,41,4.6,0.0,0.0,no,no,0,57.0,1,3,Valerie Carpenter,Female,Other,0,11020
high,0,21,3.5,0.09,265.01,no,no,2,42.0,1,9,Clifford Woods,Male,San Diego,2,11022
high,0,30,2.55,0.04,74.73,yes,no,1,11.0,1,0,Michael Hardy,Male,Other,0,11020
high,0,43,1.75,0.07,107.76,yes,no,0,18.0,0,2,Veronica Jennings,Female,Other,0,11020
high,0,29,1.95,0.0,6.5,yes,no,2,96.0,1,2,John Curry,Male,Other,0,11020
high,0,33,5.0,0.05,209.06,yes,no,3,10.0,1,10,Deborah Castaneda,Not Declared,San Diego,2,11022
high,0,24,2.89,0.08,193.07,no,no,0,12.0,0,0,Ann Hamilton,Not Declared,San Francisco,3,11023
high,0,25,2.7,0.06,144.38,yes,no,1,17.0,1,8,Steven Wong,Male,Other,0,11020
high,0,24,4.0,0.11,358.97,no,no,0,7.0,1,10,Gina Harris,Female,San Diego,2,11022
high,0,24,2.3,0.03,59.15,no,no,0,12.0,1,0,Alyssa Holland,Female,Other,0,11020
high,0,32,2.4,0.0,0.0,no,no,1,11.0,1,8,Kevin Kramer,Male,Other,0,11020
low,0,46,2.6,0.0,0.0,no,no,0,61.0,1,8,Michelle Hoffman,Female,Other,0,11020
high,0,21,2.4,0.23,465.2,yes,no,1,168.0,1,4,Michael Pierce,Male,San Diego,2,11022
high,0,36,2.52,0.07,142.24,no,no,2,53.0,0,3,Donna Ross,Female,Other,0,11020
high,0,23,1.56,0.39,501.8,no,no,0,33.0,0,1,Angelica Ortega,Female,Sacramento,1,11021
high,0,49,2.4,0.04,88.59,no,yes,0,14.0,1,6,Eric Ibarra,Male,Other,0,11020
high,0,26,2.0,0.17,282.88,no,no,0,2.0,1,2,Jeffrey Callahan,Male,San Diego,2,11022
high,1,29,2.58,0.17,361.16,no,no,0,6.0,1,12,Bonnie Fisher,Female,San Diego,2,11022
high,0,33,3.15,0.06,150.18,no,yes,0,128.0,0,3,Charles Roth,Male,San Francisco,3,11023
high,0,29,2.3,0.04,76.24,no,no,2,24.0,0,5,Ashley Holmes,Female,Other,0,11020
high,0,47,4.65,0.02,58.25,no,no,2,25.0,1,11,Christian Robles,Male,Other,0,11020
high,0,21,3.12,0.03,88.23,no,no,0,56.0,1,3,Alison Elliott,Female,Other,0,11020
high,0,30,2.0,0.0,7.08,yes,no,3,45.0,1,14,Erin Hunter,Female,Other,0,11020
low,6,62,2.55,0.0,0.0,no,no,2,20.0,0,13,Heather Thompson,Not Declared,Other,0,11020
high,1,21,2.46,0.14,289.04,no,no,1,4.0,1,11,Thomas Brown,Male,San Diego,2,11022
high,0,30,3.8,0.03,102.98,no,no,0,26.0,0,1,Tonya Williams,Female,Other,0,11020
high,0,47,2.64,0.01,13.92,yes,no,0,4.0,1,12,Kayla Nicholson,Female,Other,0,11020
high,1,39,7.0,0.11,641.42,yes,no,2,30.0,0,22,Michael Johnson,Male,Sacramento,1,11021
low,0,53,2.8,0.0,0.0,no,no,1,156.0,0,11,James Williams,Male,Other,0,11020
low,0,22,3.15,0.0,0.0,no,no,2,19.0,0,0,Daniel Rogers,Male,Other,0,11020
low,1,24,6.0,0.0,0.0,no,no,2,17.0,1,2,Daniel Lamb,Male,Other,0,11020
high,0,25,3.25,0.03,84.28,no,no,0,6.0,1,17,David Garcia,Male,Other,0,11020
high,0,61,4.32,0.04,132.85,yes,no,1,252.0,0,0,Christopher Hoffman,Male,Other,0,11020
high,0,29,2.5,0.08,159.6,no,no,0,7.0,1,21,Patrick Cook,Male,San Francisco,3,11023
high,0,35,3.0,0.05,135.04,no,no,1,6.0,1,8,Noah Brown,Male,Other,0,11020
high,0,26,3.5,0.09,250.52,no,no,0,52.0,1,2,Jennifer Holden,Female,San Diego,2,11022
high,0,42,4.56,0.05,188.62,no,no,0,144.0,1,11,Shaun Roberts,Male,San Francisco,3,11023
high,0,27,2.76,0.01,23.25,no,no,0,30.0,1,1,Sean Mason,Not Declared,Other,0,11020
high,0,22,2.54,0.1,214.06,yes,no,2,23.0,1,9,Andrea Butler,Female,San Diego,2,11022
low,7,40,3.24,0.0,0.0,no,no,0,50.0,1,16,Paul Andersen,Male,Other,0,11020
low,2,35,3.84,0.0,0.0,no,no,0,38.0,0,2,Crystal James,Female,Other,0,11020
high,0,32,1.32,0.04,42.63,no,no,1,6.0,1,2,Patrick Osborne,Male,Other,0,11020
low,0,25,3.9,0.0,0.0,no,no,0,18.0,1,3,William Martin,Male,Other,0,11020
low,0,56,2.04,0.0,0.0,yes,no,0,35.0,1,11,Melissa Jensen,Female,Other,0,11020
high,1,30,7.29,0.08,474.5,yes,no,4,43.0,1,14,Gregory Sanford,Male,Sacramento,1,11021
high,0,25,7.5,0.05,304.38,yes,no,0,300.0,1,8,James Simpson,Male,San Diego,2,11022
high,0,34,3.26,0.03,78.75,no,no,1,31.0,1,6,Benjamin Spence,Male,Other,0,11020
high,0,24,1.63,0.18,238.33,no,no,1,4.0,1,5,Rebecca Scott,Female,San Diego,2,11022
high,0,40,8.0,0.05,311.14,yes,no,2,38.0,1,0,Timothy Ingram,Male,San Diego,2,11022
high,0,31,2.2,0.04,77.05,yes,no,2,17.0,1,16,Johnny Moore,Male,Other,0,11020
high,0,27,5.0,0.03,120.4,yes,no,1,24.0,1,0,Troy Taylor,Male,Other,0,11020
high,0,30,3.0,0.06,156.57,yes,no,2,72.0,1,8,Brian Patrick,Male,San Francisco,3,11023
high,0,46,2.0,0.01,10.58,yes,no,0,76.0,1,1,Ashley Brown,Female,Other,0,11020
high,0,20,1.54,0.09,114.82,no,no,0,6.0,1,2,Christopher Merritt,Male,Other,0,11020
low,0,28,1.5,0.0,0.0,no,no,1,5.0,0,0,Brooke Brown,Female,Other,0,11020
high,0,51,3.0,0.07,179.77,yes,no,0,121.0,1,0,Joseph Jones,Male,San Francisco,3,11023
high,1,41,5.0,0.15,625.37,yes,no,3,84.0,1,7,Carlos Romero,Male,Sacramento,1,11021
high,0,51,4.72,0.02,84.9,yes,no,1,60.0,0,0,Jordan Bush,Male,Other,0,11020
high,0,53,1.5,0.0,0.0,yes,no,0,57.0,0,6,Mary Taylor,Female,Other,0,11020
high,0,26,2.3,0.04,67.67,no,no,0,24.0,1,0,Richard Carpenter,Male,Other,0,11020
high,0,20,1.6,0.08,111.69,no,no,0,3.0,1,0,Scott Kim,Male,Other,0,11020
high,0,27,2.2,0.14,257.3,no,no,0,3.0,0,1,Jennifer Mendez,Female,San Diego,2,11022
high,0,23,4.32,0.19,675.77,no,no,2,36.0,1,11,Richard Brown,Male,Sacramento,1,11021
low,0,23,2.6,0.0,0.0,no,yes,0,37.0,1,7,Brandon Lynch,Male,Other,0,11020
high,0,20,1.68,0.18,245.33,no,no,0,10.0,1,0,Loretta Wilson,Female,San Diego,2,11022
high,0,83,2.87,0.01,13.33,yes,yes,0,38.0,0,11,Mindy Chavez,Female,Other,0,11020
high,0,24,2.6,0.07,149.54,no,yes,0,21.0,1,2,Kevin Watson,Male,San Francisco,3,11023
high,0,33,2.9,0.1,253.37,yes,no,2,14.0,1,20,Derrick Williams,Male,San Diego,2,11022
high,0,25,2.65,0.01,20.48,no,no,0,12.0,1,9,Johnny Gonzalez,Male,Other,0,11020
high,0,26,1.9,0.03,41.82,no,no,0,18.0,1,9,Michael Phillips,Male,Other,0,11020
high,0,65,2.95,0.05,118.71,yes,no,1,230.0,1,19,Robert Anderson,Male,Other,0,11020
high,0,21,3.12,0.09,225.46,no,no,1,10.0,0,6,Colleen Brown,Female,San Diego,2,11022
high,0,35,4.11,0.03,101.2,yes,no,1,37.0,1,23,Theresa Vargas,Female,Other,0,11020
low,1,46,6.0,0.0,0.0,yes,no,2,84.0,1,46,Adam Johnson,Male,Other,0,11020
high,0,25,2.0,0.01,10.42,no,no,0,24.0,1,19,Joy White,Female,Other,0,11020
low,2,35,3.38,0.0,0.0,yes,no,2,18.0,1,15,Brandon Moran,Male,Other,0,11020
high,0,33,3.5,0.0,7.17,no,no,0,12.0,1,0,James Gonzales,Male,Other,0,11020
high,0,30,2.6,0.01,12.08,yes,no,4,51.0,1,16,James Woods,Male,Other,0,11020
low,11,26,3.5,0.0,0.0,no,no,0,14.0,0,27,Stephen Rodriguez,Male,Other,0,11020
high,1,24,2.8,0.06,146.86,no,no,0,14.0,1,11,Erin Murray,Female,San Francisco,3,11023
high,0,37,5.9,0.07,324.62,yes,no,3,28.0,1,11,David Smith,Male,San Diego,2,11022
high,0,46,5.4,0.06,268.72,yes,no,4,204.0,1,7,Cathy Anderson,Female,San Diego,2,11022
high,0,29,2.8,0.11,249.17,no,no,0,50.0,1,3,Thomas Burns,Male,San Diego,2,11022
high,0,43,3.9,0.02,50.08,yes,no,3,179.0,1,6,Madeline Smith,Female,Other,0,11020
high,0,46,3.4,0.03,87.64,no,no,0,42.0,1,4,Billy Long,Male,Other,0,11020
high,0,21,2.08,0.12,203.37,no,no,0,5.0,1,0,Jeremiah Lopez,Male,San Diego,2,11022
high,0,57,2.5,0.05,105.12,yes,no,0,24.0,1,13,Vincent Harris,Male,Other,0,11020
high,1,23,1.95,0.03,50.18,no,no,0,3.0,1,4,Jessica Atkinson,Female,Other,0,11020
high,0,25,2.1,0.19,327.11,no,no,0,15.0,1,6,Shannon Brown,Female,San Diego,2,11022
low,0,30,3.0,0.0,0.0,yes,no,1,28.0,1,6,Kayla Lee,Not Declared,Other,0,11020
high,1,34,3.2,0.07,175.14,yes,no,2,25.0,1,8,Bradley Rose,Male,San Francisco,3,11023
low,4,37,2.6,0.0,0.0,no,no,0,40.0,1,14,Molly Williams,Female,Other,0,11020
high,0,40,3.07,0.16,408.08,no,no,2,18.0,0,0,Shawna Campbell,Female,San Diego,2,11022
high,0,24,2.8,0.01,33.57,no,no,0,60.0,1,11,Justin Williams,Male,Other,0,11020
high,0,31,4.8,0.1,404.49,yes,no,0,30.0,1,13,Michael Erickson,Male,San Diego,2,11022
low,0,41,4.74,0.0,0.0,yes,no,0,13.0,1,0,Julie Bishop,Female,Other,0,11020
high,0,29,2.8,0.03,80.45,yes,no,0,80.0,1,14,Michael Delacruz,Male,Other,0,11020
high,0,35,4.2,0.0,8.33,yes,no,4,59.0,1,13,Judy Wood,Female,Other,0,11020
high,0,42,4.0,0.07,240.28,no,no,2,180.0,1,9,Jason Rich,Male,San Diego,2,11022
low,4,25,1.65,0.0,0.0,no,no,0,36.0,1,5,Joshua Rivera,Male,Other,0,11020
high,0,34,4.3,0.02,88.95,no,no,1,12.0,1,2,Gregory Hartman,Male,Other,0,11020
high,0,63,6.45,0.0,0.0,yes,no,0,42.0,1,13,Paul Santos,Male,Other,0,11020
high,1,21,3.0,0.0,11.0,no,no,1,18.0,0,7,Thomas Thomas,Male,Other,0,11020
high,0,21,1.75,0.19,281.81,no,no,0,6.0,0,3,Timothy Cox,Male,San Diego,2,11022
low,0,22,1.8,0.0,0.0,no,no,0,3.0,0,6,Lori Adams,Female,Other,0,11020
high,0,22,2.15,0.01,17.17,no,no,0,12.0,1,1,Felicia Melendez,Not Declared,Other,0,11020
low,0,23,7.88,0.0,0.0,no,yes,4,6.0,1,9,Rose Donaldson,Female,Other,0,11020
low,2,26,2.6,0.0,0.0,no,no,0,12.0,1,9,Ralph Lloyd,Male,Other,0,11020
high,0,35,2.42,0.06,119.62,yes,no,0,56.0,1,10,Brian Murphy,Male,Other,0,11020
high,0,41,2.8,0.04,86.55,yes,no,0,48.0,0,6,Diane Day,Female,Other,0,11020
high,0,40,3.64,0.03,94.12,no,no,1,41.0,1,1,Jorge Rich,Male,Other,0,11020
high,1,53,10.0,0.1,832.24,yes,no,3,120.0,1,3,Jerry Rodriguez,Male,Sacramento,1,11021
low,0,20,1.95,0.0,0.0,no,no,0,14.0,0,1,Michael Harrison,Male,Other,0,11020
high,2,34,6.5,0.14,762.38,yes,no,0,12.0,1,13,Robert Collier,Male,Sacramento,1,11021
high,0,32,3.8,0.01,26.0,yes,no,0,51.0,1,7,Michael Lee,Male,Other,0,11020
high,0,40,2.15,0.13,227.6,no,no,1,67.0,0,16,Daniel Peterson,Male,San Diego,2,11022
high,2,38,4.0,0.11,379.87,no,no,0,120.0,1,8,Dr. Cindy Lee,Female,San Diego,2,11022
high,0,22,3.1,0.24,620.05,no,no,0,3.0,1,0,Jessica Sutton,Female,Sacramento,1,11021
low,0,31,4.01,0.0,0.0,no,no,0,42.0,1,0,Ronald Diaz,Male,Other,0,11020
high,0,29,4.58,0.01,48.62,no,no,0,50.0,1,7,Donald Martinez,Male,Other,0,11020
high,0,33,1.8,0.13,195.45,yes,no,3,12.0,1,2,Alicia Mann,Female,San Francisco,3,11023
low,4,38,1.71,0.0,0.0,no,no,2,42.0,1,2,Steven Morales,Male,Other,0,11020
high,0,21,2.26,0.06,122.19,yes,no,0,6.0,1,0,Alex Mason,Male,Other,0,11020
high,0,26,3.5,0.13,384.9,no,no,2,12.0,1,0,Shane Robinson,Male,San Diego,2,11022
high,0,40,10.0,0.02,129.33,yes,no,4,72.0,1,21,Andrew Henry,Male,Other,0,11020
high,0,23,1.57,0.0,0.0,yes,no,1,6.0,1,0,Yolanda Coleman,Female,Other,0,11020
high,0,37,2.96,0.0,4.58,yes,yes,1,93.0,1,13,Frank King,Male,Other,0,11020
high,1,27,2.7,0.09,210.65,no,no,0,9.0,1,13,John Arellano,Male,San Diego,2,11022
high,0,21,2.16,0.11,198.55,yes,no,0,18.0,1,7,Zachary Foley,Male,San Francisco,3,11023
high,0,26,4.0,0.0,3.17,no,no,2,18.0,0,0,Andrew Combs,Male,Other,0,11020
low,5,31,4.5,0.0,0.0,yes,no,0,36.0,1,11,Amy Campbell,Female,Other,0,11020
low,0,33,1.8,0.0,0.0,yes,no,2,11.0,1,13,Eric Wilkerson,Male,Other,0,11020
high,0,27,2.75,0.07,153.73,no,no,0,6.0,1,3,Dawn Anderson,Female,San Francisco,3,11023
high,0,39,2.42,0.02,34.16,yes,no,1,49.0,1,25,Nathan Watson,Not Declared,Other,0,11020
low,0,23,2.25,0.0,0.0,no,no,3,12.0,1,0,Jose Moore,Male,Other,0,11020
low,0,23,1.2,0.0,0.0,no,no,0,15.0,0,0,Stephen Ford,Male,Other,0,11020
low,2,28,2.6,0.0,0.0,yes,no,2,31.0,1,3,Ronald Collins,Male,Other,0,11020
low,0,26,1.5,0.0,0.0,no,no,0,8.0,1,0,Justin Savage,Male,Other,0,11020
high,0,25,2.1,0.2,344.18,yes,no,1,22.0,1,19,Stephanie Sullivan,Female,San Diego,2,11022
high,0,0,3.24,0.18,497.71,yes,no,3,25.0,1,16,Heather Mendoza,Female,Sacramento,1,11021
low,0,36,2.22,0.0,0.0,yes,no,2,4.0,1,0,Terry Mitchell,Female,Other,0,11020
low,2,34,4.9,0.0,0.0,no,no,2,408.0,1,3,John Newman,Not Declared,Other,0,11020
high,0,41,2.3,0.05,87.1,yes,no,0,42.0,1,12,John Leach,Male,Other,0,11020
low,2,28,3.3,0.0,0.0,no,no,1,36.0,1,17,Derek Brown,Male,Other,0,11020
low,3,44,2.5,0.0,0.0,yes,no,2,62.0,1,18,Lisa Palmer,Female,Other,0,11020
high,0,34,2.2,0.04,80.87,yes,no,2,4.0,1,10,Jason Davis,Male,Other,0,11020
high,1,35,2.4,0.07,143.35,yes,no,0,27.0,1,18,Gregory Vazquez,Male,Other,0,11020
high,0,22,2.7,0.05,105.28,no,no,0,15.0,1,7,Donald Wood,Male,Other,0,11020
high,0,34,3.7,0.19,583.78,yes,yes,2,5.0,1,2,Angela Lewis,Female,Sacramento,1,11021
low,5,27,2.12,0.0,0.0,no,no,0,44.0,1,10,Betty Phelps,Female,Other,0,11020
high,0,34,6.2,0.18,950.86,yes,no,0,60.0,1,11,Fernando Roach,Male,Sacramento,1,11021
high,0,40,2.5,0.05,105.96,no,no,1,24.0,1,2,Andrew Gomez,Male,Other,0,11020
low,1,24,2.0,0.0,0.0,no,no,0,52.0,0,3,Roger Ingram,Not Declared,Other,0,11020
low,0,30,2.4,0.0,0.0,no,yes,2,72.0,1,11,Heather Miller,Female,Other,0,11020
high,0,45,4.03,0.04,137.07,no,no,0,72.0,1,2,Michael Garza,Male,Other,0,11020
low,0,31,3.0,0.0,0.0,no,no,0,12.0,0,0,Christina Medina,Female,Other,0,11020
high,0,24,2.9,0.0,0.31,yes,no,0,60.0,1,8,Leah Scott,Female,Other,0,11020
high,0,27,1.99,0.06,100.14,yes,no,1,12.0,1,5,Robert Pollard,Male,Other,0,11020
high,0,56,1.92,0.2,320.68,yes,yes,1,64.0,1,9,Corey Crawford,Male,San Diego,2,11022
high,1,34,5.0,0.16,683.43,yes,yes,1,108.0,1,6,Nicole Malone,Female,Sacramento,1,11021
low,2,32,2.16,0.0,0.0,yes,no,1,38.0,0,8,Jason Thomas,Male,Other,0,11020
high,0,26,2.2,0.08,145.7,no,no,0,30.0,1,3,Melissa Wagner,Female,Other,0,11020
high,0,20,2.24,0.05,93.92,no,no,0,27.0,1,1,David Myers,Male,Other,0,11020
low,2,40,2.4,0.0,0.0,no,no,0,72.0,1,6,Tanya Rodriguez,Female,Other,0,11020
high,0,40,1.9,0.11,167.83,yes,no,3,108.0,1,17,Kelly Jacobs,Female,San Francisco,3,11023
high,0,25,5.5,0.15,703.41,yes,no,1,30.0,1,13,Ryan Boone,Male,Sacramento,1,11021
low,0,32,2.16,0.0,0.0,no,no,0,42.0,0,0,Hannah Ramirez,Female,Other,0,11020
high,2,26,7.0,0.22,1292.0,no,yes,0,13.0,1,31,Dr. Jimmy King,Male,Sacramento,1,11021
low,3,36,2.6,0.0,0.0,yes,no,1,54.0,1,14,Michael Gray,Male,Other,0,11020
low,0,22,2.5,0.0,0.0,no,no,0,27.0,1,0,Sarah Johnson,Female,Other,0,11020
high,0,28,3.9,0.08,248.91,no,no,0,48.0,1,10,Jessica Scott,Female,San Diego,2,11022
high,0,49,5.2,0.02,71.53,yes,no,1,15.0,1,6,Timothy Webb,Male,Other,0,11020
high,1,24,3.25,0.13,347.95,no,no,0,12.0,0,5,Heather Brown,Female,San Diego,2,11022
high,0,32,3.6,0.0,4.58,no,no,0,25.0,1,2,Mark Solis,Male,Other,0,11020
high,0,32,10.0,0.1,831.73,yes,no,3,7.0,1,28,Tiffany Martinez,Female,Sacramento,1,11021
high,0,36,3.7,0.03,101.76,yes,no,2,6.0,0,18,Tyler White,Male,Other,0,11020
high,0,29,4.47,0.11,424.18,yes,yes,0,63.0,1,5,Michael Weiss,Male,San Diego,2,11022
low,0,36,5.2,0.0,0.0,yes,no,2,12.0,1,0,Travis Burton,Male,Other,0,11020
high,0,22,4.8,0.06,232.28,no,no,2,2.0,1,4,Jose Stephens,Male,San Diego,2,11022
high,0,61,1.5,0.27,335.56,yes,no,1,372.0,1,24,Cindy Spencer,Female,San Diego,2,11022
high,0,54,1.5,0.02,20.18,no,no,0,24.0,0,1,Donald Richards,Male,Other,0,11020
low,0,25,1.85,0.0,0.0,no,no,0,14.0,1,0,Brittany Rodriguez PhD,Not Declared,Other,0,11020
high,0,30,2.45,0.06,119.0,no,no,0,8.0,1,0,Karen Peck,Female,Other,0,11020
high,0,27,1.89,0.04,69.03,no,no,0,51.0,1,12,Justin Tran,Male,Other,0,11020
high,0,39,3.5,0.05,131.67,yes,no,2,113.0,0,13,Micheal Thompson,Male,Other,0,11020
low,0,24,2.79,0.0,0.0,no,no,0,4.0,1,0,Rachel Reynolds,Female,Other,0,11020
high,0,47,4.5,0.14,523.12,yes,no,0,3.0,1,13,William Hunt,Male,Sacramento,1,11021
low,4,24,2.8,0.0,0.0,no,no,0,12.0,1,7,Jeff Vaughn,Male,Other,0,11020
low,3,32,2.8,0.0,0.0,yes,no,3,106.0,0,11,Mary Silva,Female,Other,0,11020
high,0,33,4.5,0.1,391.42,no,no,1,36.0,1,2,James Cooper,Male,San Diego,2,11022
medium,0,45,3.8,0.03,99.1,yes,no,1,90.0,1,3,Sandra Ward,Female,Other,0,11020
low,0,32,5.0,0.0,0.0,no,yes,0,14.0,1,0,Paul Figueroa,Male,Other,0,11020
high,0,23,2.7,0.17,379.3,no,no,0,2.0,1,0,Tara Rivera,Female,San Diego,2,11022
low,2,25,2.5,0.0,0.0,no,yes,1,30.0,1,18,Lee Fowler,Male,Other,0,11020
high,0,26,3.2,0.15,398.85,yes,no,2,12.0,1,0,Nicole Peterson,Female,San Diego,2,11022
high,0,22,1.92,0.02,34.09,yes,no,2,12.0,1,21,Dr. Amanda Thomas,Female,Other,0,11020
high,0,45,2.31,0.22,423.13,no,no,1,94.0,1,5,Stephen Pope,Male,San Diego,2,11022
low,0,29,1.7,0.0,0.0,no,no,1,28.0,1,0,John Nguyen,Male,Other,0,11020
high,0,48,3.0,0.1,241.42,yes,no,2,120.0,0,3,Heather Washington,Female,San Diego,2,11022
high,0,39,2.45,0.07,145.72,yes,no,3,38.0,1,8,Christopher Valentine MD,Male,San Francisco,3,11023
high,0,20,3.4,0.0,0.92,no,no,0,15.0,0,0,Adam Martinez,Male,Other,0,11020
high,0,32,2.5,0.25,512.01,no,no,1,6.0,1,9,Louis Blankenship,Male,Sacramento,1,11021
high,0,39,3.0,0.13,318.51,yes,no,0,72.0,1,9,Maria Butler,Not Declared,San Diego,2,11022
high,0,26,3.15,0.07,189.68,no,no,0,6.0,1,0,Michelle Day,Female,San Francisco,3,11023
high,0,27,3.5,0.07,194.47,no,no,0,6.0,1,0,Joyce Marshall,Female,San Francisco,3,11023
high,0,19,1.8,0.12,182.61,no,no,0,12.0,1,0,Bradley Prince,Male,San Francisco,3,11023
high,0,24,2.25,0.16,297.03,no,no,1,10.0,1,9,Kristen Atkins,Not Declared,San Diego,2,11022
high,0,22,2.0,0.02,37.97,no,no,0,25.0,1,11,Michael Cruz,Male,Other,0,11020
high,0,27,4.1,0.12,395.58,yes,no,2,41.0,1,14,George Raymond,Male,San Diego,2,11022
high,0,23,2.97,0.08,204.54,no,no,0,4.0,1,7,Steven Lewis,Male,San Diego,2,11022
high,0,41,5.5,0.03,148.37,yes,no,3,9.0,1,0,Michael Perry,Male,San Francisco,3,11023
high,0,27,3.15,0.06,170.47,yes,no,2,24.0,1,9,Sheila Ware,Female,San Francisco,3,11023
high,0,46,3.5,0.04,122.93,no,yes,2,48.0,1,1,Dylan Abbott,Male,Other,0,11020
high,0,21,1.53,0.0,4.58,no,no,0,14.0,1,11,Amanda Mitchell,Female,Other,0,11020
high,0,32,5.1,0.1,430.69,yes,no,0,38.0,1,10,Alexander Clayton,Male,San Diego,2,11022
high,0,22,2.25,0.01,20.08,no,no,0,12.0,1,4,Brandon Bartlett,Male,Other,0,11020
high,0,25,3.41,0.01,17.78,yes,no,1,7.0,1,6,Jill Moore,Female,Other,0,11020
high,0,35,3.7,0.12,376.63,yes,no,1,12.0,1,0,Jacob Carter,Male,San Diego,2,11022
low,0,34,3.4,0.0,0.0,no,no,0,12.0,1,0,Jack Glenn,Male,Other,0,11020
high,0,35,4.14,0.14,474.06,yes,no,0,12.0,1,18,Donald Walker,Male,Sacramento,1,11021
low,4,38,4.8,0.0,0.0,yes,no,1,42.0,1,6,Kimberly Grant,Not Declared,Other,0,11020
high,0,34,7.0,0.05,293.07,yes,no,3,3.0,1,0,Andrew Castillo,Male,San Diego,2,11022
high,0,28,7.0,0.11,631.97,yes,yes,0,12.0,1,5,Daniel Beasley,Male,Sacramento,1,11021
high,1,29,2.2,0.04,69.79,no,no,0,49.0,1,7,Leon Glass DDS,Male,Other,0,11020
low,0,28,2.06,0.0,0.0,yes,no,0,31.0,0,12,Nicole Williams,Female,Other,0,11020
low,0,22,1.54,0.0,0.0,no,no,0,12.0,0,3,Jason Fowler,Male,Other,0,11020
low,3,36,4.0,0.0,0.0,yes,no,0,28.0,1,12,Carrie Hooper MD,Female,Other,0,11020
high,0,43,10.5,0.0,8.75,yes,no,4,168.0,1,16,Scott Gonzalez,Male,Other,0,11020
high,0,32,3.05,0.05,127.47,no,no,0,62.0,0,10,Anthony Spencer,Male,Other,0,11020
high,1,56,3.48,0.06,182.1,yes,no,0,540.0,1,7,Elizabeth Hines,Female,San Francisco,3,11023
high,0,24,3.0,0.0,6.15,yes,no,2,18.0,1,6,Donald Payne,Male,Other,0,11020
high,0,34,5.1,0.1,412.19,yes,no,4,3.0,1,0,Joshua Fuentes,Male,San Diego,2,11022
high,0,53,2.45,0.02,35.67,yes,no,0,3.0,1,11,Robert Burgess,Male,Other,0,11020
high,0,31,2.0,0.12,205.94,yes,no,1,42.0,0,6,Michael Curtis,Male,San Diego,2,11022
high,0,54,4.0,0.01,43.97,yes,no,1,188.0,1,13,Grant Newman,Male,Other,0,11020
high,0,45,3.48,0.06,188.1,yes,yes,1,16.0,1,21,Bradley Hudson,Male,San Francisco,3,11023
high,0,20,2.0,0.0,7.08,yes,yes,0,18.0,0,3,Lisa Oliver,Female,Other,0,11020
high,0,27,2.15,0.27,484.44,no,no,0,6.0,1,12,Shane Wallace,Male,Sacramento,1,11021
low,0,37,4.47,0.0,0.0,no,no,2,60.0,1,15,Tina Galvan,Female,Other,0,11020
high,0,33,1.7,0.01,8.78,no,no,0,146.0,1,17,Jose Douglas,Male,Other,0,11020
high,0,28,3.0,0.07,174.92,no,no,0,18.0,1,11,John Austin,Male,San Francisco,3,11023
high,0,27,2.36,0.01,21.33,yes,no,2,6.0,1,5,Anthony King,Male,Other,0,11020
high,0,50,4.5,0.1,361.0,yes,no,2,301.0,1,11,Jason Ball,Male,San Diego,2,11022
high,0,48,3.7,0.04,114.6,yes,no,2,192.0,0,7,Martin Smith,Male,Other,0,11020
high,0,25,5.5,0.02,113.3,yes,yes,0,16.0,1,0,Matthew Hughes,Male,Other,0,11020
high,0,30,3.37,0.01,33.51,yes,no,0,10.0,1,9,Robert Washington,Male,Other,0,11020
high,0,63,5.5,0.02,93.62,yes,no,1,192.0,1,15,Monica Rodriguez,Female,Other,0,11020
low,1,32,6.0,0.0,0.0,yes,no,4,18.0,1,4,Steven Warner,Male,Other,0,11020
high,0,28,6.9,0.07,415.81,yes,no,0,14.0,1,0,Teresa Mcmahon,Female,San Diego,2,11022
high,0,28,2.75,0.38,875.89,yes,no,1,3.0,1,3,Stacy Gaines PhD,Female,Sacramento,1,11021
high,0,0,2.5,0.08,173.02,no,no,0,150.0,1,5,Karen Evans,Female,San Francisco,3,11023
high,0,25,2.0,0.0,7.42,no,no,0,26.0,1,13,Dakota Brown,Male,Other,0,11020
high,0,21,2.69,0.07,165.93,no,no,3,85.0,1,12,Tony Estes,Male,San Francisco,3,11023
high,0,27,2.68,0.01,15.58,no,no,4,36.0,1,4,James Swanson,Male,Other,0,11020
high,0,22,1.8,0.12,178.92,no,no,0,6.0,0,2,Clayton Johnson,Male,San Francisco,3,11023
high,0,25,1.56,0.04,44.94,no,no,1,12.0,1,0,David Rose,Male,Other,0,11020
high,0,20,1.5,0.12,149.55,no,no,0,3.0,1,3,Samantha Daniel,Female,San Francisco,3,11023
high,0,25,1.88,0.0,3.75,no,no,0,4.0,1,5,Kevin Howard,Male,Other,0,11020
low,2,36,2.52,0.0,0.0,yes,no,0,77.0,1,9,Kristine Mendoza,Female,Other,0,11020
high,0,19,2.23,0.04,82.92,no,no,0,133.0,0,5,Michael Montes,Male,Other,0,11020
low,0,31,1.78,0.0,0.0,no,no,0,14.0,1,0,Cody Lewis,Male,Other,0,11020
high,0,29,4.01,0.0,8.33,no,no,0,120.0,1,15,Jane Mcintyre,Not Declared,Other,0,11020
high,0,51,12.5,0.3,3099.5,yes,no,1,120.0,1,21,Katie Campbell,Female,Sacramento,1,11021
high,0,31,1.6,0.23,300.46,no,no,0,6.0,1,8,Christina Alexander,Female,San Diego,2,11022
high,0,46,5.0,0.03,112.92,yes,no,1,7.0,1,7,Kristen Graves,Female,Other,0,11020
high,0,24,2.28,0.05,94.14,yes,no,2,31.0,1,6,Anthony Barnett,Male,Other,0,11020
high,0,54,3.4,0.08,215.44,no,no,1,12.0,1,7,Sandy Stewart,Female,San Diego,2,11022
high,0,21,1.75,0.02,35.17,yes,no,0,131.0,1,3,Tony Walker,Male,Other,0,11020
high,0,27,3.25,0.01,22.46,yes,no,0,48.0,1,6,Maria Ramos,Female,Other,0,11020
high,0,45,3.9,0.09,294.58,no,no,0,120.0,1,12,Isabel Robinson MD,Female,San Diego,2,11022
low,0,35,1.85,0.0,0.0,no,no,0,62.0,0,0,Kevin Jenkins,Male,Other,0,11020
high,0,40,4.0,0.0,10.29,yes,no,1,84.0,1,9,George Rosales,Not Declared,Other,0,11020
high,0,54,4.3,0.18,632.08,yes,no,1,120.0,1,6,Matthew Holland,Male,Sacramento,1,11021
high,0,28,3.5,0.11,326.57,yes,no,2,48.0,0,7,Andrea Miller,Female,San Diego,2,11022
high,1,34,8.1,0.11,747.67,yes,yes,3,36.0,1,15,Melissa Lee,Female,Sacramento,1,11021
high,1,30,4.0,0.05,170.18,yes,no,5,28.0,1,7,Bryan Quinn,Male,San Francisco,3,11023
high,1,33,2.0,0.91,1510.53,no,no,0,12.0,1,5,Susan Huang,Female,Sacramento,1,11021
low,0,0,3.0,0.0,0.0,no,no,0,18.0,0,2,Matthew Anderson,Male,Other,0,11020
high,0,51,5.3,0.04,191.7,no,no,1,108.0,1,2,Hannah Kirby,Female,San Francisco,3,11023
low,7,25,2.6,0.0,0.0,no,no,3,36.0,1,11,Steve Miller,Male,Other,0,11020
high,0,27,2.52,0.09,188.19,no,no,1,12.0,1,0,John Knight,Male,San Francisco,3,11023
low,0,23,2.2,0.0,0.0,no,no,0,31.0,0,0,Melanie Gregory,Female,Other,0,11020
high,0,29,2.5,0.53,1096.66,no,no,0,12.0,1,14,Gilbert Ford,Male,Sacramento,1,11021
medium,0,33,3.5,0.09,276.98,no,no,0,4.0,1,13,Charles Phillips,Male,San Diego,2,11022
low,1,30,4.35,0.0,0.0,no,no,0,28.0,1,5,Brian Hopkins,Male,Other,0,11020
low,0,38,1.6,0.0,0.0,no,no,0,51.0,1,1,Bryce James,Male,Other,0,11020
high,0,32,2.0,0.02,38.36,no,no,2,24.0,1,4,Mario Gardner,Male,Other,0,11020
high,1,43,4.8,0.37,1482.37,yes,no,0,3.0,1,4,Diane Smith,Female,Sacramento,1,11021
high,0,29,3.0,0.02,45.88,yes,no,2,28.0,1,4,Charles Morales,Male,Other,0,11020
high,0,62,1.64,0.05,64.07,yes,no,0,270.0,0,1,Charles Thomas,Male,Other,0,11020
low,2,35,2.9,0.0,0.0,no,no,1,102.0,1,21,Natalie Hale,Female,Other,0,11020
high,0,21,2.38,0.02,35.17,no,no,0,7.0,0,5,Brandon Villa,Male,Other,0,11020
high,0,38,2.3,0.07,129.42,yes,no,0,3.0,1,3,Richard Mccarthy,Male,Other,0,11020
high,0,39,8.1,0.1,663.77,yes,no,3,43.0,1,13,Michael Johnson,Male,Sacramento,1,11021
low,2,40,3.57,0.0,0.0,no,yes,0,31.0,1,7,Casey Kerr,Male,Other,0,11020
low,0,34,1.94,0.0,0.0,no,no,1,54.0,1,1,Annette Sanford,Female,Other,0,11020
high,0,34,2.75,0.03,75.63,yes,no,0,151.0,1,11,John Dunn,Male,Other,0,11020
high,0,28,3.5,0.0,3.75,yes,no,1,31.0,1,7,Sean Obrien,Male,Other,0,11020
high,0,47,7.0,0.05,301.25,yes,no,1,144.0,1,8,Sara Fuller,Female,San Diego,2,11022
high,0,28,2.8,0.1,224.58,no,no,0,5.0,0,1,John Rosales,Male,San Diego,2,11022
high,0,22,1.95,0.04,60.58,no,no,0,3.0,1,0,Michael Mcclain,Male,Other,0,11020
low,0,45,6.5,0.0,0.0,no,no,2,34.0,1,9,Lindsey Jackson,Female,Other,0,11020
medium,0,22,2.5,0.24,498.93,no,no,0,2.0,1,0,Kimberly Miller,Female,Sacramento,1,11021
high,1,37,3.0,0.0,8.33,no,no,0,60.0,1,9,Jessica Cannon,Female,Other,0,11020
high,0,27,1.8,0.07,105.51,yes,no,2,6.0,1,4,Charles Pope,Male,Other,0,11020
high,0,39,2.6,0.03,56.33,yes,no,3,70.0,1,9,Erica Williams,Not Declared,Other,0,11020
high,0,51,3.6,0.07,212.48,yes,no,1,125.0,1,13,Michael Mckee,Male,San Diego,2,11022
high,0,23,2.3,0.01,14.33,no,no,2,14.0,0,0,Joshua Thornton,Male,Other,0,11020
low,1,21,1.78,0.0,0.0,no,no,0,5.0,1,1,Wendy Thomas,Female,Other,0,11020
high,0,21,3.86,0.0,0.0,yes,yes,0,18.0,1,8,Kyle Stevens,Male,Other,0,11020
high,0,45,4.9,0.01,58.93,yes,no,2,159.0,1,4,Matthew Newton,Not Declared,Other,0,11020
low,0,39,3.6,0.0,0.0,no,no,0,14.0,0,0,James Barry,Male,Other,0,11020
high,0,42,3.24,0.02,66.26,yes,no,2,36.0,1,3,Michael Wiley,Male,Other,0,11020
low,2,27,1.85,0.0,0.0,no,no,0,24.0,1,12,Holly Harris,Female,Other,0,11020
high,0,25,1.85,0.06,91.96,yes,no,0,24.0,1,9,Lisa Williams,Female,Other,0,11020
high,0,25,1.56,0.17,215.88,no,no,0,12.0,1,0,Joseph Mcgee,Male,San Diego,2,11022
high,0,31,4.08,0.01,22.99,yes,no,1,101.0,1,9,Lisa Buchanan,Female,Other,0,11020
low,5,25,3.3,0.0,0.0,yes,no,1,75.0,1,23,Shane Mayer,Male,Other,0,11020
high,0,24,2.51,0.11,240.38,no,no,0,10.0,1,12,Micheal Walsh,Male,San Diego,2,11022
high,0,28,4.38,0.02,89.96,yes,no,1,84.0,0,1,Thomas Soto,Male,Other,0,11020
high,0,26,2.35,0.06,126.65,no,no,1,26.0,1,2,Isabella Bush,Female,Other,0,11020
high,0,20,4.0,0.04,140.35,yes,no,0,24.0,1,4,Bruce Vazquez,Male,Other,0,11020
low,2,35,5.1,0.0,0.0,yes,no,1,63.0,1,8,Lisa Summers,Female,Other,0,11020
high,0,32,3.0,0.12,294.56,yes,no,2,9.0,1,0,Richard Cooper,Male,San Diego,2,11022
high,0,28,3.5,0.02,68.36,yes,no,5,42.0,1,12,Cassandra Conner,Female,Other,0,11020
high,0,39,3.5,0.03,101.49,yes,no,0,12.0,1,0,Billy Nelson,Male,Other,0,11020
high,0,34,5.5,0.24,1088.74,yes,no,4,12.0,1,0,David Johnson,Male,Sacramento,1,11021
high,0,51,3.8,0.02,47.79,yes,no,1,51.0,1,5,Diane Hall,Female,Other,0,11020
high,0,22,1.79,0.03,50.03,no,no,0,3.0,1,0,Brian Arias,Male,Other,0,11020
high,0,38,5.1,0.08,344.01,yes,no,3,126.0,1,17,Corey Watson,Male,San Diego,2,11022
high,0,46,8.94,0.03,188.3,yes,no,0,96.0,1,17,Dr. Crystal Palmer,Female,San Francisco,3,11023
high,0,50,7.1,0.04,245.35,yes,no,2,12.0,1,0,Daniel House,Male,San Diego,2,11022
high,0,32,2.4,0.14,285.28,yes,no,0,96.0,0,8,Anthony King,Male,San Diego,2,11022
high,1,30,3.3,0.01,17.58,no,no,0,19.0,1,12,Krista Stevens,Female,Other,0,11020
high,0,38,6.5,0.29,1569.68,yes,no,4,117.0,1,18,Jason Mitchell,Male,Sacramento,1,11021
high,0,39,4.81,0.01,43.74,yes,no,1,8.0,1,9,Kirsten White,Female,Other,0,11020
high,0,39,3.0,0.02,55.76,yes,yes,1,132.0,1,22,Eric Simon,Male,Other,0,11020
high,0,41,2.7,0.04,97.51,yes,no,2,28.0,1,11,William Allen,Not Declared,Other,0,11020
high,0,38,5.4,0.01,58.05,yes,yes,0,108.0,1,17,Carl Watson,Male,Other,0,11020
high,0,37,8.12,0.03,213.13,yes,yes,3,120.0,1,5,Christopher Weber,Male,San Diego,2,11022
high,0,27,3.04,0.04,96.0,no,no,0,13.0,1,0,Jack Morrison,Male,Other,0,11020
medium,1,29,2.08,0.04,61.2,yes,no,2,12.0,1,11,Edward Hill,Male,Other,0,11020
high,0,28,1.51,0.0,0.0,no,no,0,44.0,1,15,Matthew Maddox,Male,Other,0,11020
low,1,31,3.0,0.0,0.0,yes,no,2,51.0,1,2,Charles Wise,Male,Other,0,11020
high,0,30,2.6,0.3,640.65,yes,no,0,25.0,1,4,Jessica Taylor,Female,Sacramento,1,11021
high,0,37,2.5,0.03,61.74,yes,no,2,120.0,0,4,Wendy Howard,Not Declared,Other,0,11020
high,0,44,3.5,0.01,34.53,yes,no,1,33.0,1,13,Susan Fields,Female,Other,0,11020
high,0,25,2.4,0.11,213.29,no,no,0,5.0,1,10,Sean Cole,Male,San Diego,2,11022
high,0,26,2.32,0.01,14.0,no,no,0,2.0,1,0,Amy Anderson,Female,Other,0,11020
high,0,46,2.58,0.08,164.64,yes,no,2,120.0,0,15,Jimmy Powell,Male,San Francisco,3,11023
high,0,28,2.1,0.09,158.61,yes,no,1,24.0,0,11,Douglas Schneider,Male,San Francisco,3,11023
high,0,38,2.35,0.07,133.97,no,no,1,72.0,1,8,David Hill,Male,Other,0,11020
high,0,46,2.8,0.0,0.0,yes,no,1,84.0,1,2,Richard Aguilar,Male,Other,0,11020
low,2,52,3.7,0.0,0.0,no,no,4,1.0,1,6,Lindsay Russell,Female,Other,0,11020
low,0,37,1.68,0.0,0.0,yes,no,3,120.0,0,8,Christina Bullock,Female,Other,0,11020
low,0,25,2.64,0.0,0.0,no,no,0,24.0,1,33,Bradley Miller,Male,Other,0,11020
high,1,28,2.3,0.03,66.3,yes,no,1,24.0,1,14,Stacy Clark,Female,Other,0,11020
high,2,35,6.89,0.01,58.51,yes,no,0,5.0,1,18,Robert Bishop,Male,Other,0,11020
low,4,25,4.0,0.0,0.0,no,no,0,36.0,1,32,Donna Lopez,Female,Other,0,11020
high,0,28,2.0,0.06,100.42,yes,no,1,38.0,0,8,Mr. Carl Gutierrez,Male,Other,0,11020
low,0,19,1.97,0.0,0.0,no,no,1,24.0,1,2,Bryan Schneider,Male,Other,0,11020
high,0,25,3.0,0.01,25.51,no,no,2,3.0,1,11,Russell Knight,Male,Other,0,11020
high,0,26,2.75,0.18,420.58,yes,no,1,6.0,1,11,Justin Neal,Male,San Diego,2,11022
high,0,31,5.0,0.07,309.91,yes,no,2,12.0,1,12,Tom Ramirez,Male,San Diego,2,11022
high,0,33,2.1,0.04,78.26,no,no,4,12.0,1,0,Lynn Daniel,Female,Other,0,11020
high,0,27,4.0,0.04,123.22,yes,no,2,2.0,1,0,Ronnie Mason,Male,Other,0,11020
high,1,48,3.0,0.03,79.18,yes,yes,0,180.0,1,12,Jose Thompson,Male,Other,0,11020
high,0,36,3.3,0.16,431.14,no,no,0,3.0,1,0,David Owens,Male,San Diego,2,11022
low,3,45,2.35,0.0,0.0,no,no,0,36.0,1,15,Miranda Nelson,Female,Other,0,11020
low,2,53,2.16,0.0,0.0,no,yes,0,74.0,0,5,Jason Collins,Male,Other,0,11020
medium,0,27,3.9,0.04,134.39,yes,no,3,12.0,1,6,Thomas Clark,Male,Other,0,11020
high,0,40,2.31,0.03,54.97,no,no,1,158.0,1,9,Charles Hughes,Male,Other,0,11020
high,0,49,1.7,0.0,0.0,no,no,1,14.0,0,6,Paul Jensen,Male,Other,0,11020
high,0,40,2.0,0.07,120.56,no,no,0,24.0,1,4,Andrew Gomez,Male,Other,0,11020
high,0,23,4.8,0.08,320.49,no,yes,0,42.0,1,2,Jeffrey Gregory,Male,San Diego,2,11022
high,0,34,3.0,0.54,1352.49,yes,no,0,72.0,1,3,John King,Male,Sacramento,1,11021
high,0,21,1.56,0.07,87.15,no,no,0,24.0,0,5,Kathleen Zuniga,Female,Other,0,11020
high,0,39,2.0,0.05,81.26,yes,no,2,200.0,1,9,Ronald Brock,Male,Other,0,11020
high,0,24,2.6,0.3,643.32,no,no,1,10.0,1,11,Joseph Harris,Male,Sacramento,1,11021
high,0,47,4.68,0.03,134.92,yes,no,1,210.0,1,6,Aaron Mora,Male,Other,0,11020
high,0,34,4.0,0.26,860.76,no,yes,0,204.0,0,6,Jackson Cunningham,Male,Sacramento,1,11021
high,0,52,1.87,0.06,85.98,yes,no,0,250.0,1,4,Mark Diaz,Male,Other,0,11020
high,3,47,3.1,0.18,463.15,no,no,0,24.0,1,15,Michael Meyer,Male,San Diego,2,11022
high,0,25,2.8,0.06,134.2,no,no,0,6.0,0,3,Vanessa Weaver,Female,Other,0,11020
high,0,24,2.04,0.11,192.72,no,no,0,109.0,1,5,Frederick Williams,Male,San Francisco,3,11023
high,0,24,2.1,0.32,562.36,no,no,0,28.0,1,5,Emily Walker,Female,Sacramento,1,11021
high,0,22,2.0,0.16,274.95,no,no,0,13.0,1,7,Tanner Murphy,Male,San Diego,2,11022
high,0,33,5.6,0.09,398.05,yes,no,4,84.0,1,4,Raymond Yates,Male,San Diego,2,11022
high,0,38,3.0,0.05,124.48,yes,no,1,84.0,1,11,Derrick Wong,Male,Other,0,11020
medium,0,22,2.4,0.08,163.42,no,no,0,23.0,1,0,Stephen Stewart,Male,San Francisco,3,11023
high,0,23,1.85,0.06,93.31,no,no,0,4.0,1,1,Renee Hudson,Female,Other,0,11020
high,0,24,2.9,0.05,113.25,yes,no,0,60.0,1,3,James Randolph,Male,Other,0,11020
low,0,26,2.0,0.0,0.0,no,yes,1,63.0,1,2,Leslie Davis,Not Declared,Other,0,11020
medium,0,52,1.89,0.02,37.43,no,no,0,240.0,1,6,Ricky Davis,Male,Other,0,11020
high,0,20,2.0,0.2,341.24,no,no,0,24.0,1,7,Anthony Barton,Male,San Diego,2,11022
high,0,25,1.64,0.37,508.29,no,no,0,19.0,1,9,Katie Cortez,Female,Sacramento,1,11021
low,4,22,2.34,0.0,0.0,no,no,0,61.0,1,6,Joshua Fry,Not Declared,Other,0,11020
high,0,24,1.9,0.27,432.36,no,no,0,19.0,1,6,Mark Ballard,Male,San Diego,2,11022
high,0,21,1.53,0.04,46.29,yes,no,0,22.0,1,11,Randall Harper,Male,Other,0,11020
high,0,22,3.99,0.08,253.63,no,no,0,268.0,1,2,Joshua Johns,Male,San Diego,2,11022
high,0,46,1.6,0.05,61.74,no,no,0,162.0,1,11,Kevin Mack,Male,Other,0,11020
high,0,19,1.8,0.08,125.89,no,no,0,3.0,1,0,Troy Larsen,Male,Other,0,11020
high,1,29,3.7,0.6,1836.98,no,no,0,24.0,1,7,Jennifer Reynolds,Female,Sacramento,1,11021
high,0,28,2.1,0.01,15.58,no,no,0,28.0,1,5,Raymond Williams,Male,Other,0,11020
high,0,26,2.0,0.03,51.75,no,no,1,6.0,1,1,Christopher Wilkins,Male,Other,0,11020
low,1,44,2.6,0.0,0.0,yes,no,0,48.0,1,1,James Larson,Male,Other,0,11020
high,0,27,2.68,0.03,77.29,yes,no,0,135.0,1,0,Ashley Cox,Female,Other,0,11020
low,1,30,4.16,0.0,0.0,yes,yes,2,37.0,1,15,Kenneth Gomez,Male,Other,0,11020
high,0,24,2.1,0.14,240.48,no,no,1,24.0,1,5,Kendra Duncan,Female,San Diego,2,11022
high,0,28,2.4,0.03,67.4,no,no,1,24.0,1,4,Alex Miller,Male,Other,0,11020
high,0,39,3.12,0.03,69.27,yes,yes,2,66.0,1,5,Eric Anderson,Male,Other,0,11020
high,0,31,3.0,0.07,172.57,yes,no,1,24.0,1,13,Jordan Flynn,Male,San Francisco,3,11023
high,0,40,3.12,0.08,199.0,yes,no,1,60.0,1,11,Kevin Middleton,Male,San Francisco,3,11023
low,3,23,1.62,0.0,0.0,no,no,1,144.0,0,4,Christopher Ritter,Male,Other,0,11020
high,0,43,4.37,0.04,160.48,yes,no,2,110.0,1,10,Hannah Lopez,Female,San Francisco,3,11023
low,0,25,2.53,0.0,0.0,no,no,0,14.0,1,3,Christian Williams,Male,Other,0,11020
low,2,40,3.1,0.0,0.0,yes,no,1,66.0,1,5,Eddie White,Not Declared,Other,0,11020
low,7,32,2.72,0.0,0.0,no,no,1,60.0,0,10,Jesus Estrada,Male,Other,0,11020
high,0,42,4.04,0.01,44.41,no,no,0,5.0,1,6,Jeffrey Ochoa,Male,Other,0,11020
high,0,47,2.75,0.21,492.26,no,no,0,156.0,0,11,Isaiah Norman,Male,Sacramento,1,11021
high,0,27,3.0,0.16,401.93,no,no,1,24.0,1,2,Robin Ray,Female,San Diego,2,11022
high,0,30,3.15,0.07,179.18,yes,no,1,19.0,1,9,Sierra James,Female,San Francisco,3,11023
low,0,38,5.97,0.0,0.0,yes,no,1,3.0,1,19,William Thompson,Male,Other,0,11020
high,0,31,2.6,0.08,182.17,no,no,0,5.0,1,0,Michael Webb,Male,San Francisco,3,11023
low,0,47,8.4,0.0,0.0,yes,no,3,6.0,1,0,Sabrina Walker,Female,Other,0,11020
high,0,21,1.95,0.04,61.95,no,no,0,40.0,0,4,Mark Perkins,Male,Other,0,11020
high,0,36,3.0,0.03,80.83,yes,no,3,108.0,0,4,Lauren Nelson,Female,Other,0,11020
high,0,23,2.8,0.0,8.33,yes,no,0,12.0,1,3,Kevin Hunter,Male,Other,0,11020
high,1,25,4.55,0.04,169.06,yes,no,1,42.0,1,10,Sarah Griffin,Female,San Francisco,3,11023
high,0,21,1.99,0.03,57.98,no,no,2,8.0,1,5,Philip Jones,Male,Other,0,11020
high,0,48,4.5,0.05,203.13,no,no,2,17.0,1,0,Sydney Swanson,Female,San Francisco,3,11023
low,0,35,4.0,0.0,0.0,no,no,2,70.0,1,1,Colleen Mooney,Female,Other,0,11020
high,0,39,3.5,0.06,181.02,yes,no,1,42.0,1,0,Jesus Green,Male,San Francisco,3,11023
low,1,27,2.15,0.0,0.0,no,no,0,97.0,1,1,Tyler Flores,Male,Other,0,11020
low,0,23,1.62,0.0,0.0,no,no,0,32.0,1,7,Jason Miller,Male,Other,0,11020
high,0,31,3.5,0.17,483.06,no,no,1,14.0,0,0,Andrea Miller,Female,Sacramento,1,11021
high,0,26,2.9,0.01,15.94,yes,yes,1,26.0,1,3,Audrey Ramos,Female,Other,0,11020
high,0,39,3.41,0.06,180.66,no,yes,1,120.0,1,7,Jim Perkins,Male,San Francisco,3,11023
high,0,24,4.0,0.0,4.58,no,yes,2,48.0,1,4,Jason Hall,Male,Other,0,11020
high,0,27,2.6,0.88,1902.0,no,no,0,4.0,1,7,Becky Dunn,Female,Sacramento,1,11021
high,0,24,2.07,0.21,356.78,no,no,0,4.0,1,17,Debra Wolf,Female,San Diego,2,11022
high,0,44,2.4,0.0,0.0,no,no,0,36.0,1,11,George Marsh,Male,Other,0,11020
high,0,25,3.42,0.01,24.58,no,no,0,3.0,1,0,Kimberly Lee,Female,Other,0,11020
high,0,21,6.7,0.05,302.25,no,no,0,8.0,1,6,Sean Price,Male,San Diego,2,11022
high,0,40,5.43,0.01,33.22,no,no,0,14.0,1,11,Michael Walker,Not Declared,Other,0,11020
high,0,24,1.62,0.01,13.69,no,no,0,12.0,0,4,Amanda Friedman,Not Declared,Other,0,11020
high,0,31,2.42,0.06,116.35,no,no,0,24.0,1,7,Anne Figueroa,Female,Other,0,11020
high,0,24,3.4,0.05,144.4,no,no,0,12.0,1,8,Natasha Harris,Female,Other,0,11020
high,0,47,3.6,0.04,113.75,yes,yes,2,120.0,1,12,Emma Johnson,Female,Other,0,11020
high,0,27,2.5,0.09,184.94,no,no,0,12.0,1,8,Raymond Holloway,Male,San Francisco,3,11023
high,0,49,1.75,0.01,15.33,yes,no,1,38.0,1,3,Wayne Duncan,Male,Other,0,11020
high,0,32,2.5,0.05,113.18,no,no,0,8.0,1,5,Bobby Santos,Male,Other,0,11020
high,0,35,4.5,0.01,37.58,yes,no,3,144.0,1,3,Joseph Cox,Male,Other,0,11020
low,1,26,2.47,0.0,0.0,yes,no,0,14.0,1,20,Ronnie Cortez,Male,Other,0,11020
high,0,20,2.7,0.07,156.9,no,no,1,38.0,1,10,Robert Alexander,Male,San Francisco,3,11023
low,0,34,2.4,0.0,0.0,no,no,0,27.0,1,2,James Williams,Male,Other,0,11020
high,0,49,6.9,0.06,349.2,yes,no,3,160.0,0,0,Hannah Marshall,Female,San Diego,2,11022
high,0,40,4.8,0.15,615.12,yes,no,3,122.0,1,17,Ashley Marsh,Female,Sacramento,1,11021
high,0,20,1.92,0.13,208.08,no,no,0,84.0,1,6,Brittany Bennett,Female,San Diego,2,11022
high,0,40,2.8,0.04,88.74,no,no,3,19.0,0,0,Madison Murphy,Female,Other,0,11020
high,0,25,1.69,0.02,34.52,no,no,0,3.0,0,16,John Foley,Male,Other,0,11020
high,0,29,3.5,0.13,366.74,no,no,0,19.0,1,0,Danielle Moran,Female,San Diego,2,11022
high,1,40,2.25,0.02,44.0,no,no,0,86.0,1,10,Kevin Johnson,Not Declared,Other,0,11020
low,2,30,2.32,0.0,0.0,no,no,1,17.0,1,8,Mark Williams,Male,Other,0,11020
high,0,30,4.0,0.09,299.89,yes,no,1,37.0,0,6,Brian Holder,Male,San Diego,2,11022
high,0,40,4.5,0.1,359.12,no,no,5,2.0,1,0,David Bell,Male,San Diego,2,11022
high,0,23,3.18,0.09,246.57,no,no,0,17.0,1,3,Jason Martinez,Male,San Diego,2,11022
high,0,23,3.0,0.03,63.99,no,no,0,3.0,1,0,Jaime Nichols,Female,Other,0,11020
high,0,31,3.0,0.02,51.64,yes,no,2,44.0,0,12,Thomas Smith,Male,Other,0,11020
low,0,24,2.0,0.0,0.0,no,no,0,7.0,0,6,Fred Anderson,Male,Other,0,11020
high,0,36,3.5,0.22,633.41,yes,no,0,95.0,1,17,Michael Gutierrez,Male,Sacramento,1,11021
high,0,0,4.0,0.07,242.13,yes,no,3,24.0,1,4,Jessica Thomas,Female,San Diego,2,11022
low,0,28,2.58,0.0,0.0,yes,no,0,41.0,1,11,Christine Holt,Female,Other,0,11020
high,0,45,12.0,0.02,200.49,yes,yes,1,24.0,1,6,Zachary Novak,Male,San Francisco,3,11023
high,1,0,3.7,0.01,32.46,no,no,0,186.0,0,5,Jared Cabrera,Male,Other,0,11020
low,0,23,1.43,0.0,0.0,yes,no,0,12.0,1,6,Steven Knight,Not Declared,Other,0,11020
high,0,38,3.68,0.02,59.62,yes,no,3,44.0,1,11,Amy Cohen,Not Declared,Other,0,11020
low,0,23,2.55,0.0,0.0,yes,no,2,24.0,1,0,Jacob Richards,Male,Other,0,11020
low,4,37,3.5,0.0,0.0,yes,no,2,15.0,1,9,Amanda Robinson,Female,Other,0,11020
high,0,28,2.3,0.16,315.2,yes,no,1,13.0,0,4,Mrs. Angela Wilkins,Female,San Diego,2,11022
high,0,26,3.19,0.1,258.29,no,no,0,10.0,1,11,Stephanie Brown,Female,San Diego,2,11022
high,0,26,2.35,0.0,0.0,no,no,0,36.0,1,11,Anthony Gardner,Male,Other,0,11020
low,4,25,1.97,0.0,0.0,no,no,0,7.0,1,6,Allen Hill,Male,Other,0,11020
high,0,41,3.6,0.15,457.49,yes,no,3,68.0,1,10,Lee King,Male,San Diego,2,11022
low,1,38,3.2,0.0,0.0,no,no,2,14.0,1,6,Matthew Gutierrez,Male,Other,0,11020
high,0,34,2.0,0.0,4.58,yes,no,2,38.0,1,6,Joseph Lutz,Male,Other,0,11020
high,0,31,2.85,0.31,745.04,yes,no,2,30.0,1,11,Nathan Palmer,Male,Sacramento,1,11021
high,0,24,3.1,0.07,180.18,yes,no,1,12.0,1,23,Brian Reed,Male,San Francisco,3,11023
high,0,25,1.5,0.09,111.84,yes,no,1,14.0,1,19,Mrs. Nancy Butler DVM,Female,Other,0,11020
high,0,57,4.8,0.15,613.64,yes,no,0,138.0,1,4,Cody Clark,Male,Sacramento,1,11021
high,0,23,2.6,0.15,333.61,no,no,0,6.0,1,0,Bradley Sanchez,Male,San Diego,2,11022
high,0,23,2.85,0.09,207.71,yes,no,1,50.0,0,8,Jonathan Jones,Male,San Diego,2,11022
high,0,28,3.35,0.07,199.37,yes,no,0,18.0,1,2,Jimmy Mills,Male,San Francisco,3,11023
medium,0,32,1.81,0.05,81.44,yes,no,0,5.0,1,22,Stacy Gibson,Female,Other,0,11020
high,0,34,3.6,0.04,116.32,yes,yes,4,48.0,1,8,Michael Mccall,Male,Other,0,11020
low,0,31,1.52,0.0,0.0,no,no,2,20.0,1,0,Donald Olson,Male,Other,0,11020
high,0,24,2.4,0.27,530.18,no,no,1,24.0,1,13,Nicholas Monroe,Male,Sacramento,1,11021
low,0,38,3.0,0.0,0.0,no,no,0,36.0,0,2,Jordan Banks,Male,Other,0,11020
low,7,36,3.5,0.0,0.0,yes,no,2,60.0,1,7,Dylan Wall,Male,Other,0,11020
high,0,29,3.0,0.05,116.45,yes,no,1,12.0,1,8,Kimberly Day,Female,Other,0,11020
high,0,34,2.34,0.18,357.59,yes,no,0,108.0,0,11,Thomas Castillo,Male,San Diego,2,11022
high,0,25,2.1,0.12,214.86,no,no,0,26.0,1,17,Scott Bell,Male,San Diego,2,11022
high,0,22,1.6,0.15,200.59,yes,no,0,27.0,1,3,Shelby Johnson,Female,San Francisco,3,11023
high,0,26,2.22,0.03,56.46,no,no,0,10.0,1,2,Donald Gamble,Male,Other,0,11020
high,0,32,3.65,0.01,17.67,yes,no,2,20.0,1,17,Michael Rosario,Male,Other,0,11020
low,6,39,3.2,0.0,0.0,no,no,0,88.0,1,7,Cory Brown,Male,Other,0,11020
low,0,30,2.6,0.0,0.0,no,no,0,5.0,0,0,Juan Scott,Male,Other,0,11020
high,1,60,6.1,0.09,479.44,yes,no,1,244.0,1,14,Shaun Silva,Not Declared,Sacramento,1,11021
low,2,36,3.0,0.0,0.0,no,no,0,74.0,1,16,Beth Knight,Female,Other,0,11020
high,0,36,4.5,0.08,308.92,yes,no,0,60.0,1,16,Ashley Cooper,Female,San Diego,2,11022
high,0,28,2.18,0.08,144.64,yes,no,0,5.0,1,14,James Fernandez,Male,Other,0,11020
low,0,66,3.25,0.0,0.0,yes,no,3,300.0,1,13,Robert Sims,Male,Other,0,11020
high,0,35,2.2,0.13,244.65,yes,no,1,13.0,1,9,Carrie Banks,Female,San Diego,2,11022
high,0,74,2.81,0.02,38.83,yes,no,0,511.0,1,10,Russell Clark,Male,Other,0,11020
high,0,28,2.43,0.23,462.66,yes,no,2,29.0,1,17,Steven Santos,Male,San Diego,2,11022
high,0,55,6.7,0.04,214.93,yes,no,1,300.0,1,13,Emily Andrews,Female,San Diego,2,11022
low,1,38,4.0,0.0,0.0,yes,yes,3,40.0,1,7,Matthew Bell,Male,Other,0,11020
low,0,37,5.16,0.0,0.0,yes,yes,0,86.0,1,1,Steven Smith,Male,Other,0,11020
high,0,39,5.1,0.06,244.42,yes,no,3,132.0,1,15,Michael Jones,Male,San Diego,2,11022
high,0,44,4.2,0.04,135.18,yes,no,2,150.0,0,2,Bradley Strickland,Male,Other,0,11020
high,0,30,5.6,0.04,185.74,yes,no,0,1.0,0,8,Joseph Matthews,Male,San Francisco,3,11023
high,0,23,1.86,0.27,413.6,no,no,0,3.0,1,4,Rachel Brown,Female,San Diego,2,11022
low,0,27,1.64,0.0,0.0,no,no,0,104.0,1,0,Jeremy Payne,Male,Other,0,11020
high,0,51,6.8,0.0,14.67,no,no,0,38.0,0,5,Emily Hernandez,Female,Other,0,11020
high,0,22,1.85,0.01,16.91,no,no,0,48.0,1,4,Morgan Chaney,Female,Other,0,11020
low,0,22,1.8,0.0,0.0,no,no,2,4.0,1,0,Sabrina Smith,Not Declared,Other,0,11020
low,1,36,3.0,0.0,0.0,yes,no,1,12.0,1,16,Mary Hopkins,Female,Other,0,11020
high,0,36,2.2,0.01,20.33,yes,no,0,77.0,1,0,Kimberly Rivera,Female,Other,0,11020
low,1,22,1.8,0.0,0.0,no,no,0,6.0,1,2,Jacqueline Wade,Female,Other,0,11020
high,0,32,2.6,0.0,5.58,no,no,0,84.0,1,21,Mr. Alan Haynes,Male,Other,0,11020
low,0,27,2.0,0.0,0.0,no,no,0,24.0,1,4,David Maxwell,Not Declared,Other,0,11020
high,0,38,5.0,0.06,238.36,yes,no,3,9.0,1,0,David Lewis,Male,San Diego,2,11022
high,0,28,4.22,0.09,300.99,yes,no,1,22.0,1,3,Jose Sutton,Male,San Diego,2,11022
high,0,38,4.02,0.16,552.34,no,no,3,102.0,0,3,Brian Boyd,Male,Sacramento,1,11021
high,0,26,3.0,0.05,113.59,no,no,0,28.0,1,8,Robert Gallagher,Male,Other,0,11020
high,0,22,3.15,0.04,99.92,no,no,0,14.0,0,3,Jeffrey Campbell,Male,Other,0,11020
high,0,23,2.8,0.06,147.33,no,no,0,64.0,1,8,Christopher Evans,Male,San Francisco,3,11023
high,0,29,2.86,0.2,480.32,no,no,0,47.0,1,1,Carl Hill,Male,Sacramento,1,11021
high,0,23,2.04,0.18,304.9,no,no,0,12.0,1,9,James Vazquez,Male,San Diego,2,11022
high,0,33,3.5,0.02,63.46,yes,no,0,12.0,1,8,Andrea Bailey,Female,Other,0,11020
high,0,64,7.12,0.03,149.7,yes,no,1,241.0,1,8,Jamie Jackson,Female,San Francisco,3,11023
low,0,23,2.5,0.0,0.0,no,no,0,36.0,0,0,Jerome Jones,Male,Other,0,11020
high,0,23,3.3,0.06,166.06,no,no,0,2.0,1,5,Kathleen Krause,Female,San Francisco,3,11023
high,0,36,2.2,0.08,148.19,no,no,1,8.0,1,4,Joshua Daniels,Male,San Francisco,3,11023
high,1,38,3.2,0.05,121.22,yes,no,1,84.0,0,12,Alexis Thomas,Female,Other,0,11020
high,0,22,4.0,0.05,160.03,yes,no,0,27.0,1,4,Joseph Gonzalez,Male,San Francisco,3,11023
high,0,38,5.57,0.04,201.48,no,no,3,30.0,1,7,David Jacobs MD,Male,San Francisco,3,11023
high,0,36,7.0,0.01,59.12,yes,no,3,18.0,1,5,Diane Bailey,Female,Other,0,11020
low,1,26,2.3,0.0,0.0,no,no,0,66.0,1,3,Sara Hampton,Female,Other,0,11020
high,0,21,5.5,0.08,356.88,no,no,0,50.0,1,0,Larry Rodriguez,Male,San Diego,2,11022
high,1,41,2.5,0.08,159.2,no,yes,2,131.0,0,3,Robert Marks,Male,San Francisco,3,11023
low,1,40,2.5,0.0,0.0,yes,no,1,96.0,1,8,Leslie Olson,Female,Other,0,11020
high,0,25,8.0,0.02,112.88,yes,no,2,18.0,1,0,Brent Thomas,Male,Other,0,11020
high,0,23,1.83,0.07,108.98,no,no,1,12.0,0,10,Shaun Johnson,Male,Other,0,11020
high,0,27,2.9,0.04,91.69,no,no,0,9.0,0,3,Philip Davis,Male,Other,0,11020
low,3,38,4.7,0.0,0.0,yes,no,3,36.0,1,8,Joseph Johnston,Male,Other,0,11020
low,2,23,1.72,0.0,0.0,no,no,0,204.0,0,5,Michael Brennan,Male,Other,0,11020
low,0,37,1.55,0.0,0.0,no,no,1,36.0,1,0,Deborah Morales,Female,Other,0,11020
high,0,41,3.82,0.15,462.02,no,no,2,36.0,1,2,John Austin,Male,San Diego,2,11022
high,0,52,2.4,0.07,138.57,no,yes,1,96.0,1,2,Nicole Roberts,Female,Other,0,11020
high,0,31,2.4,0.19,373.42,no,no,1,54.0,0,1,Kenneth Wood,Male,San Diego,2,11022
high,0,36,3.0,0.12,304.62,no,no,1,180.0,1,5,Shannon Harrison,Female,San Diego,2,11022
high,0,21,1.6,0.29,385.78,no,no,0,192.0,1,3,William Gaines,Male,San Diego,2,11022
high,0,42,2.68,0.14,319.43,no,no,1,84.0,1,0,Ralph Leon,Male,San Diego,2,11022
high,0,32,6.3,0.09,465.94,no,yes,4,60.0,1,7,Carl Valdez,Male,San Diego,2,11022
high,0,24,1.6,0.05,59.79,no,no,0,43.0,1,2,Michael Green,Male,Other,0,11020
high,0,32,2.6,0.08,170.46,no,no,1,76.0,0,3,Matthew Wood,Male,San Francisco,3,11023
high,0,28,2.1,0.14,242.2,no,no,2,24.0,1,7,Dustin Howell,Male,San Diego,2,11022
low,1,28,1.93,0.0,0.0,no,no,2,74.0,1,4,David Smith,Male,Other,0,11020
high,0,23,2.5,0.23,478.71,yes,no,0,12.0,1,4,Mr. William Castro,Male,Sacramento,1,11021
low,1,44,1.8,0.0,0.0,no,yes,0,60.0,1,2,Natasha Roy,Female,Other,0,11020
high,0,31,3.56,0.03,98.34,no,no,0,72.0,1,9,Todd Woods,Male,Other,0,11020
high,0,24,3.4,0.11,301.02,no,no,0,17.0,1,7,Scott Burke II,Male,San Diego,2,11022
high,0,28,2.55,0.24,509.05,no,no,1,90.0,1,3,Nathan Tyler,Male,Sacramento,1,11021
high,0,47,4.92,0.04,183.9,yes,yes,1,288.0,1,14,Johnny Jones,Male,San Francisco,3,11023
high,0,26,3.9,0.01,46.52,no,no,0,30.0,1,13,Tammy Jensen,Female,Other,0,11020
high,0,37,5.2,0.06,256.19,no,no,0,12.0,0,0,Daniel Anderson,Male,San Diego,2,11022
medium,0,54,9.0,0.06,470.97,yes,no,3,147.0,1,6,Mr. Ian Villarreal,Male,Sacramento,1,11021
high,0,35,6.0,0.46,2291.17,no,no,2,10.0,1,0,Robert Carlson,Male,Sacramento,1,11021
high,0,35,7.5,0.02,128.43,yes,no,4,19.0,1,12,Jacob Avila,Male,Other,0,11020
high,0,44,9.0,0.26,1949.86,no,no,2,4.0,1,7,Devin Hanna MD,Male,Sacramento,1,11021
high,0,20,2.1,0.15,269.15,no,no,1,27.0,0,6,Dale Fowler,Male,San Diego,2,11022
high,0,23,3.0,0.02,41.48,no,no,3,18.0,1,3,Johnny Lawrence,Male,Other,0,11020
high,0,27,2.6,0.04,79.36,no,no,0,168.0,1,5,William Herrera,Male,Other,0,11020
high,0,54,5.48,0.13,612.86,yes,no,1,146.0,1,4,Anna Evans,Female,Sacramento,1,11021
high,0,40,8.2,0.03,192.45,yes,no,3,172.0,1,15,Jose Santana,Not Declared,San Francisco,3,11023
high,1,32,2.5,0.16,327.74,no,no,0,147.0,1,3,Patrick Lee,Male,San Diego,2,11022
high,0,28,3.0,0.07,177.62,yes,no,0,20.0,1,0,Andrew Harris,Male,San Francisco,3,11023
high,0,35,6.5,0.07,365.91,yes,no,0,6.0,1,0,Patricia Fritz,Female,San Diego,2,11022
high,1,56,7.57,0.01,41.33,yes,yes,2,39.0,1,18,Christopher Parker,Male,Other,0,11020
high,1,28,2.0,0.05,86.15,no,no,1,61.0,1,2,Courtney Clark,Female,Other,0,11020
low,3,31,3.25,0.0,0.0,no,no,1,72.0,1,7,Tanner Wilson,Male,Other,0,11020
low,2,24,3.0,0.0,0.0,no,no,0,24.0,1,4,Miguel Hardin,Male,Other,0,11020
high,0,40,7.0,0.06,376.76,no,no,3,6.0,1,2,Brandon Torres,Male,San Diego,2,11022
low,7,33,7.5,0.0,0.0,no,no,0,24.0,1,8,Gabriel Flowers,Male,Other,0,11020
high,0,38,3.8,0.06,189.18,yes,no,0,23.0,1,6,Nancy Cooley,Female,San Francisco,3,11023
high,0,25,3.7,0.08,260.12,yes,no,0,236.0,1,6,John Norman,Not Declared,San Diego,2,11022
high,0,33,3.4,0.14,406.98,yes,no,1,36.0,1,7,Derek Morris,Male,San Diego,2,11022
low,1,27,2.85,0.0,0.0,no,no,0,60.0,0,7,James Keller,Male,Other,0,11020
high,0,28,2.6,0.05,118.72,no,no,0,33.0,1,4,Brent Gibson,Male,Other,0,11020
high,0,22,1.57,0.07,91.73,no,no,0,18.0,1,1,Kimberly Gallagher,Female,Other,0,11020
high,0,24,1.8,0.13,200.24,yes,no,0,151.0,1,5,Joel Ray,Male,San Francisco,3,11023
high,0,39,3.1,0.17,438.37,yes,no,2,18.0,1,3,Alan Peterson,Male,San Diego,2,11022
low,0,25,1.5,0.0,0.0,no,yes,4,48.0,0,1,Ann Simmons,Female,Other,0,11020
high,1,19,2.19,0.34,621.66,no,no,0,59.0,1,2,Juan Khan,Male,Sacramento,1,11021
high,0,31,5.5,0.07,324.7,yes,no,3,6.0,1,7,Michael Cannon,Male,San Diego,2,11022
high,0,31,4.4,0.04,148.06,yes,no,2,72.0,1,8,Mary Berger,Female,San Francisco,3,11023
high,0,33,3.0,0.38,940.39,yes,no,2,97.0,1,4,Joshua Wilkins,Male,Sacramento,1,11021
high,1,26,2.95,0.13,325.85,no,no,0,24.0,1,5,Nicholas Hall,Male,San Diego,2,11022
high,0,26,1.6,0.02,30.55,yes,no,0,24.0,1,5,Raymond Jefferson,Male,Other,0,11020
high,0,22,2.0,0.12,192.82,no,no,0,8.0,1,8,Brittney Wilson,Female,San Francisco,3,11023
high,0,25,2.85,0.14,324.03,no,yes,1,42.0,1,3,Eric Smith,Male,San Diego,2,11022
high,0,26,2.2,0.05,91.99,no,no,0,42.0,1,8,Ryan Hamilton,Male,Other,0,11020
medium,0,29,3.65,0.09,267.35,no,no,0,24.0,1,17,Steven Williams,Male,San Diego,2,11022
low,9,35,1.7,0.0,0.0,no,no,0,90.0,1,10,Donald Kennedy,Male,Other,0,11020
high,0,57,1.65,0.01,12.25,no,no,0,24.0,1,3,Tracy Barber,Female,Other,0,11020
high,0,52,2.66,0.04,98.58,yes,no,3,228.0,1,0,Adam Hurst,Not Declared,Other,0,11020
medium,0,41,2.75,0.02,43.21,yes,no,1,136.0,0,9,Michael Owens,Male,Other,0,11020
high,0,39,1.56,0.05,60.07,no,no,0,25.0,1,3,Cynthia Mendoza,Female,Other,0,11020
low,1,56,8.0,0.0,0.0,yes,no,0,408.0,1,7,Ricky Richardson,Male,Other,0,11020
high,0,28,2.03,0.11,187.14,yes,no,1,91.0,1,1,Robert Burton,Male,San Francisco,3,11023
high,0,38,4.0,0.01,29.98,yes,no,0,16.0,1,8,Frederick Hernandez,Male,Other,0,11020
high,0,55,6.7,0.08,445.81,yes,no,0,35.0,1,0,Willie Conley,Male,San Diego,2,11022
high,0,29,2.5,0.18,374.05,yes,no,0,70.0,1,9,Sarah Newton,Female,San Diego,2,11022
high,0,19,3.0,0.0,0.0,no,no,0,49.0,1,3,Lori Mcguire,Female,Other,0,11020
high,0,25,3.2,0.05,121.06,no,no,0,4.0,1,6,William Santiago,Male,Other,0,11020
high,0,27,3.18,0.09,240.82,no,no,2,12.0,0,0,Jacqueline Martinez,Female,San Diego,2,11022
high,0,27,3.2,0.03,82.34,yes,no,0,23.0,1,9,Stanley Pratt,Male,Other,0,11020
high,1,26,1.73,0.09,131.52,no,no,0,8.0,1,10,Thomas Smith,Male,Other,0,11020
high,0,25,2.4,0.11,215.74,no,no,0,150.0,1,18,Claire Mclaughlin,Female,San Diego,2,11022
low,1,32,2.25,0.0,0.0,no,no,1,42.0,0,13,Richard Reynolds,Male,Other,0,11020
high,0,43,3.95,0.16,517.21,yes,no,6,3.0,0,0,Heather Thomas,Female,Sacramento,1,11021
high,0,34,3.0,0.01,36.2,no,no,1,30.0,0,2,Anna Anderson,Female,Other,0,11020
high,0,27,2.65,0.07,159.66,no,no,0,8.0,1,0,Nicole Burke,Not Declared,San Francisco,3,11023
low,5,28,2.24,0.0,0.0,no,no,0,72.0,1,11,Mark Dawson,Male,Other,0,11020
high,0,39,4.7,0.06,247.3,yes,no,4,12.0,1,10,William Foster II,Male,San Diego,2,11022
high,0,40,3.48,0.01,21.72,no,no,0,28.0,1,22,William Flynn,Male,Other,0,11020
high,0,23,2.55,0.01,16.25,no,no,1,6.0,1,0,Carla Gallagher,Female,Other,0,11020
high,1,43,2.77,0.04,100.34,yes,no,0,44.0,1,14,Christine Hughes,Female,Other,0,11020
high,0,47,3.11,0.03,64.76,no,no,0,7.0,1,16,Leroy Jimenez,Male,Other,0,11020
high,0,18,1.97,0.06,103.92,no,no,0,64.0,0,1,Russell Schneider,Male,Other,0,11020
high,1,21,1.8,0.19,288.8,no,no,0,192.0,1,8,David Suarez,Male,San Diego,2,11022
low,1,54,9.4,0.0,0.0,yes,no,1,94.0,0,2,Robert Parker,Male,Other,0,11020
high,0,35,5.5,0.01,58.61,no,no,0,36.0,1,2,Mathew Barron,Male,Other,0,11020
low,0,24,1.5,0.0,0.0,no,no,0,18.0,1,0,Jeremy Gutierrez,Not Declared,Other,0,11020
high,0,24,2.7,0.17,387.17,no,no,1,18.0,1,4,Dennis Gonzalez,Male,San Diego,2,11022
high,0,23,2.35,0.07,136.04,no,no,0,25.0,1,9,Ryan Wood,Male,Other,0,11020
high,0,39,4.6,0.03,105.32,no,no,2,4.0,1,1,Pamela Turner,Female,Other,0,11020
high,0,31,11.0,0.01,97.42,no,no,0,12.0,1,0,Melanie Edwards,Not Declared,Other,0,11020
high,0,62,2.65,0.1,229.49,no,no,0,100.0,1,1,Robert Gallegos,Not Declared,San Diego,2,11022
high,1,36,7.35,0.07,436.28,no,no,0,51.0,0,14,Elizabeth Wallace,Female,San Diego,2,11022
high,0,23,3.2,0.02,45.12,no,no,0,14.0,1,0,Michael Mccoy,Male,Other,0,11020
high,0,28,6.2,0.07,355.97,yes,no,0,18.0,1,9,Amy Garcia,Female,San Diego,2,11022
high,1,38,3.27,0.24,650.44,no,no,2,7.0,1,3,Joshua Gardner,Male,Sacramento,1,11021
medium,2,49,3.7,0.14,442.45,no,no,4,216.0,1,11,Anthony Reynolds,Male,San Diego,2,11022
high,0,50,1.75,0.21,310.84,no,no,0,36.0,1,1,Mark Jensen,Male,San Diego,2,11022
low,0,23,2.42,0.0,0.0,no,yes,2,132.0,1,1,Jermaine Barrett,Male,Other,0,11020
low,1,29,2.7,0.0,0.0,no,no,1,347.0,0,1,Vincent Grant,Male,Other,0,11020
high,0,45,3.7,0.14,426.83,no,no,0,24.0,1,2,Matthew Smith,Male,San Diego,2,11022
high,0,31,3.2,0.01,36.25,no,no,1,12.0,1,1,Anthony Mccormick,Male,Other,0,11020
high,0,31,3.1,0.13,337.06,no,no,1,52.0,1,3,Victoria Hernandez,Female,San Diego,2,11022
low,0,37,9.0,0.0,0.0,no,no,0,132.0,1,0,Fernando Simon,Male,Other,0,11020
high,3,27,5.5,0.22,1010.5,no,yes,0,72.0,1,11,Robert Roberts,Male,Sacramento,1,11021
low,0,36,4.1,0.0,0.0,yes,no,2,30.0,1,0,Jermaine Herring,Male,Other,0,11020
high,0,38,3.0,0.23,568.24,yes,no,0,46.0,1,2,Nancy Ryan,Female,Sacramento,1,11021
high,0,25,2.8,0.2,461.92,no,no,0,66.0,1,3,Jenny Bender,Female,San Diego,2,11022
high,0,41,5.1,0.03,140.01,no,no,1,63.0,1,4,Jennifer Cooper,Female,Other,0,11020
high,0,34,7.0,0.04,206.38,no,yes,6,63.0,1,3,Roger Summers,Male,San Diego,2,11022
high,0,24,2.3,0.37,719.51,no,no,0,76.0,1,2,James Mcpherson,Male,Sacramento,1,11021
high,0,32,2.3,0.2,383.31,no,no,1,63.0,1,6,Lee Andrews,Male,San Diego,2,11022
low,1,24,1.9,0.0,0.0,no,no,1,14.0,0,4,Eduardo Willis,Male,Other,0,11020
high,0,23,2.3,0.14,265.65,no,no,0,6.0,1,3,Jeffrey Charles,Not Declared,San Diego,2,11022
low,1,22,1.5,0.0,0.0,no,no,3,14.0,1,4,George Young,Male,Other,0,11020
high,0,26,2.38,0.14,282.73,no,yes,1,114.0,1,1,Alexander Williams,Male,San Diego,2,11022
high,0,30,2.8,0.16,383.57,no,no,0,12.0,1,6,Kathleen Rangel,Female,San Diego,2,11022
high,0,27,2.52,0.24,494.89,no,no,1,100.0,1,3,Jacob Williams,Male,Sacramento,1,11021
high,0,27,2.2,0.01,12.65,no,no,0,60.0,0,2,Calvin Tucker,Male,Other,0,11020
high,0,32,3.2,0.12,317.46,no,no,0,30.0,1,1,Michael Morrison,Male,San Diego,2,11022
high,0,32,3.7,0.0,9.74,no,no,0,86.0,1,8,Fred Moore,Male,Other,0,11020
high,0,46,1.8,0.03,49.42,no,no,1,168.0,1,2,James Baker,Male,Other,0,11020
low,2,47,2.35,0.0,0.0,no,no,0,159.0,1,4,John Barber,Male,Other,0,11020
high,0,22,1.82,0.54,821.82,no,no,0,93.0,1,2,Andrea Huber,Female,Sacramento,1,11021
high,0,42,5.5,0.07,323.95,no,no,0,98.0,1,4,Oscar Watts,Male,San Diego,2,11022
low,12,30,2.6,0.0,0.0,no,no,0,228.0,1,14,Isaiah Coffey,Male,Other,0,11020
high,0,21,2.15,0.27,476.32,no,no,0,30.0,1,0,Katie Drake,Female,Sacramento,1,11021
high,0,36,3.8,0.04,112.99,yes,no,3,77.0,1,4,Paul Alvarado,Male,Other,0,11020
medium,0,37,2.0,0.03,44.46,no,no,1,38.0,0,3,Jennifer Smith,Female,Other,0,11020
high,2,26,2.45,0.12,248.51,no,no,0,5.0,1,15,Tyler Calhoun,Male,San Diego,2,11022
high,1,46,3.5,0.11,319.79,yes,no,1,121.0,0,5,Todd Tyler,Male,San Diego,2,11022
high,0,25,2.8,0.33,758.94,no,no,0,2.0,1,7,Keith Vincent,Male,Sacramento,1,11021
high,1,30,1.99,0.25,412.99,no,no,0,82.0,1,8,Amy Osborn,Female,San Diego,2,11022
low,0,27,2.0,0.0,0.0,no,no,0,48.0,1,0,Autumn Howard,Female,Other,0,11020
high,0,21,2.1,0.08,131.99,yes,no,0,194.0,1,5,Allen Livingston,Male,Other,0,11020
high,0,20,2.79,0.02,52.49,no,no,0,86.0,1,5,Suzanne Young,Female,Other,0,11020
high,0,23,2.32,0.12,225.27,no,no,0,3.0,1,8,Shawn Rodriguez,Male,San Diego,2,11022
high,0,45,4.6,0.08,298.02,no,no,2,72.0,1,5,James Craig DDS,Male,San Diego,2,11022
low,1,26,2.0,0.0,0.0,yes,no,2,60.0,1,7,Leonard Graham,Male,Other,0,11020
high,0,29,3.0,0.07,173.47,no,no,1,60.0,1,1,Olivia Gonzalez,Female,San Francisco,3,11023
high,0,52,3.33,0.03,79.68,yes,no,1,243.0,1,3,Christopher Warren,Male,Other,0,11020
high,0,41,2.48,0.07,138.55,no,no,2,222.0,0,10,William Myers,Male,Other,0,11020
high,0,22,4.3,0.16,565.33,no,no,0,12.0,1,11,Roger Martin,Male,Sacramento,1,11021
low,0,33,1.77,0.0,0.0,no,no,0,102.0,1,1,David Richardson,Male,Other,0,11020
high,1,29,2.45,0.11,220.89,no,no,2,84.0,1,13,Ashley Foster,Female,San Diego,2,11022
high,0,20,1.85,0.34,527.94,yes,no,0,96.0,1,2,Paul Moore,Male,Sacramento,1,11021
high,0,26,2.23,0.06,104.78,no,no,0,12.0,1,1,Samuel Cook,Male,Other,0,11020
low,0,22,2.5,0.0,0.0,no,no,3,30.0,0,0,Eric Howell,Male,Other,0,11020
high,3,32,3.51,0.16,466.35,no,no,0,22.0,1,9,Mary Shaw,Female,San Diego,2,11022
high,0,27,3.29,0.03,88.82,no,no,1,54.0,1,12,Shawn Snyder,Male,Other,0,11020
high,0,28,4.23,0.12,437.13,no,yes,0,30.0,1,5,Yvette Krause,Female,San Diego,2,11022
low,1,36,1.85,0.0,0.0,no,no,2,192.0,1,2,Jeremy Pratt,Male,Other,0,11020
high,0,26,2.2,0.06,114.25,no,no,1,28.0,1,10,Matthew Mcpherson,Male,Other,0,11020
low,0,41,3.5,0.0,0.0,no,no,0,54.0,1,0,Phillip Bryant,Male,Other,0,11020
high,0,23,3.0,0.12,293.04,no,no,0,14.0,1,0,Joel Johnson,Male,San Diego,2,11022
high,0,25,1.8,0.46,683.99,yes,no,0,98.0,1,2,Robert Rich Jr.,Male,Sacramento,1,11021
high,0,25,1.7,0.08,113.1,no,no,1,27.0,1,8,Mario Diaz,Male,Other,0,11020
high,0,29,5.5,0.06,288.36,no,no,2,18.0,1,3,Christopher Lambert,Male,San Diego,2,11022
high,0,40,2.57,0.05,111.68,no,no,0,54.0,1,3,Sarah Adams,Not Declared,Other,0,11020
low,2,59,3.5,0.0,0.0,no,no,0,365.0,0,5,Meghan Jackson,Female,Other,0,11020
high,0,37,2.5,0.07,151.34,no,no,0,15.0,1,2,Brian Perez,Male,San Francisco,3,11023
high,0,30,3.3,0.0,4.58,no,no,1,90.0,1,4,Brandon Rojas,Male,Other,0,11020
high,0,29,2.25,0.11,199.8,no,no,0,36.0,1,0,Mr. David Jones,Male,San Francisco,3,11023
high,1,32,10.0,0.04,308.25,yes,no,3,35.0,1,4,Tim Mills,Male,San Diego,2,11022
high,0,25,2.9,0.08,193.29,no,no,0,2.0,1,0,Joseph Stein,Male,San Francisco,3,11023
low,2,36,2.95,0.0,0.0,no,no,1,72.0,1,3,Michael Edwards,Male,Other,0,11020
low,0,25,1.6,0.0,0.0,no,no,0,93.0,1,0,Kimberly Vazquez,Female,Other,0,11020
high,0,28,3.4,0.02,59.85,no,no,0,207.0,1,4,Gary Williams,Male,Other,0,11020
low,4,22,2.1,0.0,0.0,yes,no,0,209.0,1,10,Joseph Randall,Male,Other,0,11020
high,0,27,3.2,0.12,313.43,no,no,0,24.0,1,2,Matthew Black,Male,San Diego,2,11022
low,0,29,3.5,0.0,0.0,no,no,6,0.0,1,2,Edwin Lloyd,Male,Other,0,11020
high,0,31,2.47,0.09,195.02,no,no,3,94.0,1,2,Mark Chavez,Male,San Francisco,3,11023
high,0,27,2.6,0.08,162.45,no,no,2,60.0,1,6,Stephen Vance,Male,San Francisco,3,11023
low,2,39,4.02,0.0,0.0,no,no,1,84.0,1,4,Katherine West,Female,Other,0,11020
high,0,22,2.1,0.18,314.49,no,no,0,12.0,0,4,Michael Herrera,Male,San Diego,2,11022
high,0,30,1.95,0.18,292.95,no,no,0,50.0,1,10,Jennifer Jarvis,Female,San Diego,2,11022
low,0,34,3.6,0.0,0.0,no,no,4,14.0,1,0,Nicole Mendoza,Female,Other,0,11020
low,2,42,3.7,0.0,0.0,no,no,4,84.0,0,3,Paul Davis,Male,Other,0,11020
high,0,31,3.0,0.21,533.63,no,no,0,7.0,1,1,Kevin Rhodes,Male,Sacramento,1,11021
high,0,32,4.5,0.09,343.65,no,no,0,48.0,1,4,James Taylor,Male,San Diego,2,11022
low,11,24,2.3,0.0,0.0,no,no,0,24.0,1,12,Mr. Steven Carson,Male,Other,0,11020
medium,0,45,3.5,0.14,397.03,yes,no,0,234.0,0,2,James Wilson,Male,San Diego,2,11022
high,0,25,2.1,0.04,71.67,yes,no,0,44.0,1,5,Lawrence Green,Male,Other,0,11020
high,0,40,5.0,0.12,503.55,no,no,0,38.0,1,19,Steven Barr,Male,Sacramento,1,11021
high,0,40,2.45,0.07,142.51,no,no,0,180.0,1,0,Jordan Brown,Male,Other,0,11020
high,0,41,3.5,0.0,8.33,no,no,1,120.0,1,9,Timothy Chambers,Male,Other,0,11020
high,0,24,2.5,0.23,487.48,no,no,0,15.0,0,1,Jorge Holt,Male,Sacramento,1,11021
low,11,30,3.6,0.0,0.0,no,no,0,108.0,1,16,Cheryl Lynch,Female,Other,0,11020
high,0,25,2.66,0.16,352.85,yes,no,0,96.0,1,0,Heather Maddox,Female,San Diego,2,11022
low,0,28,2.5,0.0,0.0,no,no,0,82.0,1,0,Manuel Moore,Male,Other,0,11020
low,0,28,2.0,0.0,0.0,no,no,0,108.0,1,0,Benjamin Stone,Male,Other,0,11020
high,0,25,3.52,0.02,61.17,no,no,0,15.0,1,3,Angela Davis,Not Declared,Other,0,11020
high,1,23,1.88,0.35,553.11,no,no,0,12.0,1,3,Amanda Coffey,Female,Sacramento,1,11021
high,0,21,2.25,0.03,59.09,no,no,0,15.0,1,1,Dustin Cortez,Male,Other,0,11020
high,0,39,1.71,0.09,132.47,no,no,0,72.0,1,0,Elaine Phillips,Female,Other,0,11020
high,0,25,4.0,0.03,89.83,no,no,0,60.0,0,5,Juan Reed,Male,Other,0,11020
high,0,25,2.16,0.02,36.33,no,no,0,38.0,0,2,John Rubio,Not Declared,Other,0,11020
high,2,40,3.3,0.04,108.98,no,no,1,58.0,1,14,Melissa Williams,Female,Other,0,11020
high,0,37,7.0,0.01,64.56,yes,no,3,96.0,1,5,Barry Brown,Male,Other,0,11020
high,0,25,2.1,0.11,192.64,no,no,0,4.0,1,8,Matthew Hutchinson,Male,San Francisco,3,11023
high,0,41,3.0,0.05,131.77,yes,no,0,166.0,1,7,Christopher Williamson,Male,Other,0,11020
high,1,24,3.5,0.07,203.89,no,no,0,60.0,1,11,Emily Harrison,Female,San Diego,2,11022
low,0,22,2.07,0.0,0.0,no,no,0,1.0,1,0,Colin Webster,Male,Other,0,11020
high,0,19,2.8,0.17,390.17,yes,no,0,10.0,0,0,Katherine Smith,Female,San Diego,2,11022
medium,0,57,5.0,0.0,0.0,yes,yes,0,144.0,1,7,Clinton Clark,Male,Other,0,11020
high,0,33,2.19,0.15,270.37,no,no,0,15.0,1,7,Angela Curtis,Female,San Diego,2,11022
low,14,48,2.0,0.0,0.0,yes,no,1,120.0,1,15,William Cole,Male,Other,0,11020
high,1,48,2.7,0.0,0.0,no,yes,0,120.0,1,3,Felicia Brown,Female,Other,0,11020
high,0,28,2.69,0.16,352.17,no,no,1,62.0,0,0,Miguel Lee,Male,San Diego,2,11022
high,1,40,3.73,0.06,179.77,yes,no,1,151.0,1,7,Melissa Jones,Female,San Francisco,3,11023
high,0,32,2.0,0.09,156.09,yes,no,2,8.0,0,2,Ryan Reid,Male,San Francisco,3,11023
high,0,44,4.3,0.02,57.92,yes,no,3,156.0,1,9,Daniel Mason,Male,Other,0,11020
high,0,38,5.5,0.04,205.51,yes,no,4,99.0,1,9,David Smith,Male,San Diego,2,11022
high,0,37,5.92,0.03,149.3,yes,no,2,48.0,1,7,Michael Tyler,Male,San Francisco,3,11023
high,1,44,7.6,0.05,310.74,yes,no,6,207.0,1,11,Janet Ramirez,Female,San Diego,2,11022
high,0,18,2.82,0.04,97.94,no,no,0,2.0,0,1,Heather Harris,Not Declared,Other,0,11020
high,0,24,2.2,0.07,127.12,yes,no,0,229.0,0,1,Charles Ramirez,Male,Other,0,11020
high,0,47,2.66,0.1,220.79,yes,no,0,269.0,1,8,Randy Marshall,Male,San Diego,2,11022
low,3,31,7.5,0.0,0.0,no,no,0,30.0,1,7,Tanner Kelley,Not Declared,Other,0,11020
high,0,33,4.0,0.26,854.78,yes,no,2,42.0,1,4,Megan Cox,Female,Sacramento,1,11021
high,0,31,6.5,0.11,602.92,yes,no,2,12.0,1,6,Joshua Wood,Male,Sacramento,1,11021
medium,0,38,5.6,0.09,436.26,yes,no,4,114.0,0,7,Jesse Cordova,Male,San Diego,2,11022
low,0,19,2.1,0.0,0.0,no,no,0,124.0,1,2,Brittany Johnson,Female,Other,0,11020
high,0,35,4.5,0.02,67.1,yes,no,1,14.0,1,0,Thomas Thompson,Male,Other,0,11020
high,0,29,2.51,0.05,94.27,no,no,1,12.0,0,0,Robert Espinoza,Male,Other,0,11020
high,2,46,10.03,0.01,84.39,yes,no,2,134.0,1,15,Ernest Salinas,Male,Other,0,11020
high,0,19,3.5,0.06,175.44,no,no,1,24.0,1,3,Ronald Scott,Male,San Francisco,3,11023
high,0,22,3.5,0.05,132.13,no,yes,0,8.0,1,3,Jennifer Martinez,Female,Other,0,11020
high,0,24,3.9,0.09,305.84,no,no,2,27.0,1,0,Vincent Hampton,Male,San Diego,2,11022
high,0,18,2.5,0.21,440.69,no,no,0,4.0,0,1,Jeffrey Taylor,Male,San Diego,2,11022
high,0,49,5.2,0.15,634.86,yes,no,1,303.0,1,11,Michael Gonzalez,Male,Sacramento,1,11021
low,0,47,1.5,0.0,0.0,yes,no,0,60.0,1,0,Francisco Fox,Male,Other,0,11020
high,0,49,10.0,0.01,92.44,yes,no,4,218.0,0,12,Crystal Garcia,Female,Other,0,11020
high,0,57,4.1,0.08,286.57,yes,no,3,121.0,1,15,Amanda Wells,Female,San Diego,2,11022
high,0,24,2.2,0.07,121.03,no,no,0,22.0,1,6,Kiara Peterson,Female,Other,0,11020
high,0,26,4.38,0.04,136.12,yes,no,5,24.0,1,6,Matthew Lawson DDS,Male,Other,0,11020
low,5,38,2.49,0.0,0.0,no,no,2,24.0,1,10,Jorge Scott,Male,Other,0,11020
high,1,29,6.6,0.09,510.09,yes,no,0,24.0,1,14,Zachary Williams,Male,Sacramento,1,11021
high,1,30,2.74,0.02,42.31,yes,no,3,76.0,1,8,Benjamin Bautista,Male,Other,0,11020
high,1,58,2.7,0.0,6.42,yes,no,0,252.0,1,8,Jose Burton,Male,Other,0,11020
high,0,38,3.26,0.0,7.08,no,no,4,18.0,1,0,Dakota Russo,Male,Other,0,11020
high,0,45,5.8,0.03,159.73,yes,no,0,118.0,1,6,Dr. Eric Powell,Male,San Francisco,3,11023
high,0,25,2.5,0.06,124.5,no,no,0,6.0,0,0,Katrina Moss,Female,Other,0,11020
high,0,30,3.5,0.35,1028.96,yes,no,0,6.0,0,2,William Torres,Male,Sacramento,1,11021
low,0,80,1.5,0.0,0.0,no,no,0,24.0,1,0,Cassidy Bradley,Female,Other,0,11020
low,0,25,1.75,0.0,0.0,no,no,0,108.0,0,0,Noah Terry,Male,Other,0,11020
low,5,40,4.4,0.0,0.0,yes,no,1,84.0,1,15,Gregory Mathews,Not Declared,Other,0,11020
high,0,42,4.7,0.02,71.96,yes,yes,3,150.0,1,2,Jennifer Williams,Female,Other,0,11020
high,0,49,3.3,0.04,111.62,yes,no,0,252.0,1,0,William Moore,Male,Other,0,11020
high,0,44,5.8,0.08,386.05,yes,no,4,25.0,1,16,Gabriella Green,Female,San Diego,2,11022
low,1,43,5.32,0.0,0.0,yes,no,5,110.0,1,7,Chris Sanchez,Male,Other,0,11020
high,0,25,2.4,0.03,62.51,no,no,0,192.0,1,9,Carrie Thompson,Female,Other,0,11020
high,0,43,3.25,0.06,159.36,yes,no,2,109.0,1,6,Christopher Farrell,Male,San Francisco,3,11023
high,0,24,3.06,0.17,434.88,no,no,0,3.0,1,0,Brandon Castillo,Male,San Diego,2,11022
high,0,39,3.0,0.02,40.33,yes,no,3,14.0,1,9,David Howard,Not Declared,Other,0,11020
high,0,25,2.2,0.02,38.71,yes,no,1,26.0,1,7,Mary Peterson,Female,Other,0,11020
high,0,43,3.0,0.02,57.31,yes,no,1,3.0,1,5,Daniel Richard,Male,Other,0,11020
high,0,46,4.2,0.01,30.45,yes,no,1,216.0,1,27,Christopher Patel,Male,Other,0,11020
high,0,34,2.37,0.05,106.72,yes,no,0,38.0,1,13,Christian Johnson,Male,Other,0,11020
high,1,38,2.52,0.09,181.41,yes,no,0,138.0,1,8,Sarah Dixon,Female,San Francisco,3,11023
high,1,37,5.49,0.16,732.98,yes,no,1,60.0,1,19,James Gonzalez,Male,Sacramento,1,11021
high,0,19,2.98,0.0,0.0,no,no,0,18.0,1,0,Willie Webb,Male,Other,0,11020
low,0,27,3.6,0.0,0.0,no,no,0,18.0,1,2,Amanda Sullivan,Female,Other,0,11020
high,0,39,2.25,0.05,95.53,yes,no,0,240.0,1,7,Aaron Meyer,Male,Other,0,11020
high,0,45,3.22,0.33,896.94,yes,no,5,168.0,0,9,Andre Maldonado,Male,Sacramento,1,11021
high,0,52,5.0,0.02,85.24,yes,no,1,201.0,0,16,Steven Brooks,Male,Other,0,11020
low,3,34,2.67,0.0,0.0,no,no,0,51.0,1,25,Megan Woodward,Female,Other,0,11020
high,0,30,3.75,0.1,298.48,yes,no,1,12.0,1,9,Lee Hudson,Male,San Diego,2,11022
high,0,61,3.75,0.0,0.0,yes,no,0,288.0,1,5,James Wiggins,Male,Other,0,11020
high,0,32,3.7,0.0,11.71,yes,no,2,30.0,1,15,Chris Mullins,Male,Other,0,11020
high,0,38,3.3,0.02,65.82,yes,no,3,188.0,1,19,Michael Anderson,Not Declared,Other,0,11020
high,0,37,7.0,0.15,898.43,yes,no,3,24.0,1,8,Ray Gill,Male,Sacramento,1,11021
high,2,33,3.37,0.18,494.49,no,no,1,66.0,1,15,Justin Odonnell,Not Declared,Sacramento,1,11021
low,0,30,3.12,0.0,0.0,no,no,2,12.0,0,5,Rodney Reyes,Male,Other,0,11020
high,0,42,2.59,0.03,67.54,yes,yes,3,96.0,1,5,Michael Harris,Male,Other,0,11020
high,2,29,2.1,0.07,126.1,yes,no,3,90.0,0,5,Scott Peck,Male,Other,0,11020
high,0,52,3.0,0.04,98.68,yes,no,1,220.0,1,8,Austin Sullivan,Male,Other,0,11020
high,0,29,3.0,0.11,264.97,yes,no,1,51.0,0,11,Richard Patel,Male,San Diego,2,11022
high,0,45,4.4,0.0,17.08,yes,no,3,12.0,1,18,Gary Johnson,Male,Other,0,11020
high,0,30,3.1,0.18,469.25,yes,no,2,40.0,1,15,Jonathan Mendoza,Male,San Diego,2,11022
high,0,30,2.98,0.04,108.3,no,no,3,36.0,1,9,Richard Clark,Male,Other,0,11020
high,0,22,2.8,0.25,590.95,yes,no,1,6.0,1,7,Wendy Morales,Female,Sacramento,1,11021
low,0,37,1.83,0.0,0.0,no,no,2,52.0,1,0,Mike Russo,Male,Other,0,11020
high,0,22,3.29,0.02,48.08,no,no,2,21.0,1,5,Jeffrey Gallegos,Male,Other,0,11020
high,0,29,2.7,0.0,0.0,no,no,0,24.0,1,20,Jonathan Peters,Male,Other,0,11020
high,0,28,3.9,0.04,141.69,yes,no,1,49.0,1,17,Jeremy Tucker DDS,Male,Other,0,11020
low,5,27,1.8,0.0,0.0,no,no,2,34.0,1,7,Walter Freeman,Male,Other,0,11020
high,0,31,3.2,0.04,109.61,no,no,2,17.0,1,0,Ian Clark,Male,Other,0,11020
high,0,32,3.65,0.54,1637.53,yes,no,1,32.0,1,7,Jeffery Howard,Male,Sacramento,1,11021
high,0,30,3.5,0.04,114.56,no,no,5,57.0,1,9,Johnny Schneider,Male,Other,0,11020
high,0,40,4.77,0.0,11.67,yes,no,0,144.0,1,10,Lori Nelson,Female,Other,0,11020
high,0,39,4.2,0.01,22.36,yes,no,0,24.0,1,5,Jose Meyer,Male,Other,0,11020
low,10,43,5.0,0.0,0.0,yes,yes,4,144.0,1,11,Richard Keith,Male,Other,0,11020
high,0,24,2.0,0.05,91.41,yes,yes,1,24.0,0,10,Jonathan Nixon DDS,Male,Other,0,11020
high,0,26,2.6,0.11,239.49,yes,no,0,12.0,1,13,Andre Sanders,Male,San Diego,2,11022
high,0,61,5.0,0.05,190.43,yes,no,2,6.0,0,0,Jon Travis,Male,San Francisco,3,11023
high,0,44,4.0,0.02,66.73,yes,yes,2,120.0,1,12,Vincent Taylor,Male,Other,0,11020
high,0,61,5.37,0.05,221.89,yes,yes,0,12.0,1,0,Heidi King,Female,San Diego,2,11022
high,0,40,2.72,0.2,446.42,no,no,2,36.0,1,14,Joshua Downs,Male,San Diego,2,11022
high,0,20,1.8,0.55,830.28,no,no,0,5.0,0,0,Tyler Stevens,Male,Sacramento,1,11021
high,0,45,4.0,0.03,113.63,yes,no,2,24.0,0,16,George Graves,Male,Other,0,11020
high,0,26,2.1,0.0,0.0,no,no,2,30.0,1,18,Brandon Bush,Male,Other,0,11020
low,0,33,2.55,0.0,0.0,no,no,3,36.0,1,0,Charles Howard,Male,Other,0,11020
high,0,30,2.5,0.06,127.37,yes,no,1,24.0,1,23,Matthew Hernandez,Male,Other,0,11020
high,0,23,2.0,0.1,166.9,no,no,0,5.0,1,0,Larry Wagner,Male,San Francisco,3,11023
high,0,34,3.0,0.13,315.94,no,no,6,12.0,0,16,Christopher Myers,Male,San Diego,2,11022
high,0,38,2.6,0.08,171.86,yes,no,0,51.0,1,9,Jesus Lee,Male,San Francisco,3,11023
high,1,35,2.4,0.02,46.61,no,yes,1,37.0,1,13,Courtney Dominguez PhD,Female,Other,0,11020
high,0,36,4.0,0.09,306.47,yes,no,0,12.0,1,11,Scott Schmidt,Male,San Diego,2,11022
high,0,42,6.2,0.01,31.0,yes,no,2,132.0,1,14,Joseph Cuevas,Male,Other,0,11020
high,0,22,2.2,0.08,140.3,no,no,0,9.0,1,3,Dennis Good,Male,Other,0,11020
low,1,28,2.0,0.0,0.0,no,no,3,0.0,1,2,Barbara Lewis,Female,Other,0,11020
high,1,44,5.8,0.04,175.64,yes,no,2,148.0,1,16,Kayla Sweeney,Female,San Francisco,3,11023
high,0,30,1.8,0.02,29.52,no,no,0,6.0,1,10,Seth Lloyd,Male,Other,0,11020
high,0,27,3.26,0.02,67.2,no,no,0,16.0,1,5,Luis Fisher,Male,Other,0,11020
high,0,24,2.1,0.08,146.27,yes,no,0,24.0,1,14,Ashley Hale,Female,San Francisco,3,11023
high,0,23,2.75,0.0,4.58,no,no,0,7.0,1,9,Michael Welch,Male,Other,0,11020
high,1,55,3.7,0.05,160.45,yes,no,1,300.0,1,4,Christopher Morris,Male,San Francisco,3,11023
high,0,35,4.82,0.04,171.51,yes,no,2,48.0,1,18,Victoria Munoz,Not Declared,San Francisco,3,11023
high,0,46,3.05,0.0,8.12,yes,no,0,96.0,0,4,Maria Lopez,Female,Other,0,11020
high,0,39,2.4,0.19,384.17,no,no,1,96.0,1,7,Crystal Hill,Female,San Diego,2,11022
high,0,34,5.0,0.43,1774.36,yes,no,3,36.0,1,7,Travis Peters,Male,Sacramento,1,11021
high,0,19,2.6,0.13,285.26,no,no,0,87.0,1,2,Jennifer Miller,Not Declared,San Diego,2,11022
high,0,27,4.0,0.01,49.25,yes,yes,3,40.0,1,13,Antonio Ramos,Male,Other,0,11020
high,0,46,6.8,0.01,40.2,yes,yes,0,48.0,1,2,Kelly Galvan,Female,Other,0,11020
high,0,47,1.94,0.02,26.5,no,no,0,10.0,0,13,Nicholas Sanchez,Male,Other,0,11020
high,0,25,2.45,0.09,183.56,no,no,0,48.0,1,6,Rebecca Cunningham,Female,San Francisco,3,11023
high,0,51,4.53,0.01,45.35,yes,no,4,126.0,0,5,Angela Bauer,Female,Other,0,11020
high,0,41,6.82,0.12,664.6,no,no,2,12.0,1,0,Anthony Roberts,Male,Sacramento,1,11021
high,1,36,3.85,0.01,37.02,no,no,1,36.0,1,8,Ryan Oneal,Male,Other,0,11020
high,0,32,2.75,0.38,862.96,yes,no,2,27.0,1,9,David Jones,Male,Sacramento,1,11021
low,3,41,3.5,0.0,0.0,yes,no,2,38.0,1,19,Howard Jackson,Male,Other,0,11020
low,3,32,3.0,0.0,0.0,yes,no,3,32.0,1,7,Logan Snyder,Male,Other,0,11020
high,0,21,2.3,0.07,143.43,yes,no,2,24.0,1,10,Jessica Mendoza,Female,Other,0,11020
high,0,29,1.8,0.08,124.63,no,no,0,51.0,1,3,Lindsay Jordan,Female,Other,0,11020
high,0,21,2.2,0.32,577.98,no,no,0,143.0,1,6,Gerald Reed,Male,Sacramento,1,11021
high,0,34,4.8,0.07,266.34,yes,no,3,15.0,1,0,Erin Hurst,Female,San Diego,2,11022
high,0,27,2.04,0.02,30.05,yes,no,2,38.0,1,4,Adrian Anderson,Not Declared,Other,0,11020
high,1,36,1.68,0.14,193.32,yes,no,0,44.0,1,12,Dr. Eric Anderson,Male,San Francisco,3,11023
high,0,24,2.78,0.05,121.63,no,no,0,3.0,1,0,Joseph Rodriguez,Male,Other,0,11020
high,0,63,6.0,0.0,8.33,no,no,0,50.0,1,14,Kimberly Miller,Female,Other,0,11020
high,0,25,3.5,0.05,158.6,no,no,0,34.0,0,2,Teresa Garrett,Female,San Francisco,3,11023
low,4,42,1.8,0.0,0.0,no,no,2,48.0,1,10,Elijah Byrd,Male,Other,0,11020
high,0,35,3.9,0.05,178.46,yes,no,2,36.0,1,7,Nathan Chambers,Male,San Francisco,3,11023
high,0,20,2.0,0.1,167.04,no,no,0,14.0,1,1,Dawn Wolf,Female,San Francisco,3,11023
high,2,41,7.12,0.1,569.55,yes,no,3,96.0,1,6,Jason Glover,Male,Sacramento,1,11021
low,2,24,1.85,0.0,0.0,no,no,0,14.0,0,3,Brett Ross,Male,Other,0,11020
high,0,32,1.6,0.26,351.36,no,no,0,6.0,1,3,Miss Danielle Willis,Female,San Diego,2,11022
high,0,34,4.85,0.05,198.02,yes,no,2,114.0,1,12,Amy Delacruz,Not Declared,San Francisco,3,11023
high,0,37,2.82,0.07,153.75,yes,no,0,240.0,1,2,Kara Graham,Female,San Francisco,3,11023
low,1,27,2.7,0.0,0.0,no,no,1,169.0,0,6,David Fitzgerald,Male,Other,0,11020
low,0,56,1.45,0.0,0.0,yes,no,0,242.0,1,4,Sonya Wells,Female,Other,0,11020
high,0,26,1.8,0.01,9.17,yes,no,0,53.0,1,9,Charles Brown,Male,Other,0,11020
low,0,33,3.7,0.0,0.0,yes,no,2,72.0,1,0,Sharon Bradford,Female,Other,0,11020
high,0,19,1.9,0.28,448.02,no,no,0,192.0,0,1,Luis Robinson,Male,San Diego,2,11022
high,0,35,2.62,0.22,470.3,yes,no,1,6.0,0,9,Christopher Preston,Male,Sacramento,1,11021
high,0,25,3.75,0.13,400.07,yes,no,0,7.0,1,11,Derek Garza,Male,San Diego,2,11022
high,0,45,4.5,0.04,149.1,yes,no,2,132.0,1,9,Daniel Fischer,Male,San Francisco,3,11023
low,4,38,3.7,0.0,0.0,no,no,2,24.0,1,11,Christopher Steele,Male,Other,0,11020
high,1,42,3.84,0.1,332.24,yes,no,3,14.0,1,14,Thomas Lee,Male,San Diego,2,11022
low,0,25,1.59,0.0,0.0,no,no,0,87.0,1,9,Lindsay Davis,Female,Other,0,11020
low,2,25,2.07,0.0,0.0,no,no,0,20.0,0,7,Jamie Huynh,Female,Other,0,11020
high,0,31,5.1,0.17,721.06,yes,no,3,15.0,1,9,Timothy Robinson,Male,Sacramento,1,11021
low,3,40,4.01,0.0,0.0,no,no,1,12.0,1,17,Andrew Rodriguez,Male,Other,0,11020
high,0,67,4.47,0.0,7.08,no,no,1,36.0,1,1,Heidi Walters,Female,Other,0,11020
high,0,33,3.5,0.06,166.24,no,no,0,26.0,1,1,Danny Duran,Male,San Francisco,3,11023
high,0,45,5.0,0.0,5.52,yes,no,0,144.0,1,14,John James,Male,Other,0,11020
high,1,28,2.5,0.0,5.83,no,no,1,24.0,1,6,Keith Delgado,Male,Other,0,11020
high,0,30,1.5,0.06,78.89,no,no,1,24.0,0,5,Kathleen English,Female,Other,0,11020
high,1,47,3.84,0.01,20.25,yes,no,2,233.0,1,16,Christina Rios,Female,Other,0,11020
high,1,42,3.6,0.04,113.95,yes,no,2,60.0,1,22,Ryan Barrera,Male,Other,0,11020
high,0,44,2.95,0.2,493.73,no,no,0,180.0,1,13,Dustin Garza,Male,Sacramento,1,11021
high,0,37,2.38,0.17,332.7,yes,yes,0,168.0,1,13,Tammy Moore,Not Declared,San Diego,2,11022
high,0,28,2.16,0.02,42.52,no,no,0,50.0,0,3,Willie Black MD,Male,Other,0,11020
high,0,31,2.01,0.09,151.03,no,no,1,4.0,1,0,Tracy Schroeder,Not Declared,San Francisco,3,11023
high,0,22,1.56,0.1,128.07,yes,no,0,6.0,0,7,Denise Welch,Female,Other,0,11020
low,4,57,2.0,0.0,0.0,yes,yes,0,36.0,0,44,Matthew Sampson,Male,Other,0,11020
high,0,23,2.9,0.0,0.0,no,no,1,12.0,1,0,Robert Moon,Male,Other,0,11020
high,0,24,3.7,0.07,219.27,yes,no,1,8.0,1,5,Earl Russell,Male,San Diego,2,11022
high,0,37,3.84,0.01,37.71,no,no,3,10.0,1,0,Dennis Robinson,Male,Other,0,11020
low,1,63,2.14,0.0,0.0,yes,no,0,240.0,1,7,Alex Cannon,Male,Other,0,11020
low,0,23,2.4,0.0,0.0,no,no,0,1.0,1,0,Holly Miller,Female,Other,0,11020
high,0,24,2.4,0.18,362.64,no,no,0,16.0,1,0,Kelsey West,Female,San Diego,2,11022
high,0,41,2.0,0.01,8.33,yes,no,0,9.0,0,4,Joseph Garcia,Male,Other,0,11020
low,0,28,1.55,0.0,0.0,no,no,3,5.0,0,1,Michael Olson,Male,Other,0,11020
low,1,52,2.0,0.0,0.0,yes,no,3,54.0,1,7,Thomas Wilson,Male,Other,0,11020
high,0,28,3.1,0.22,580.97,yes,no,0,15.0,1,5,Alexis Owens,Male,Sacramento,1,11021
high,0,28,2.5,0.01,25.29,yes,no,0,27.0,1,16,David Robertson Jr.,Male,Other,0,11020
high,0,39,5.1,0.05,210.23,yes,no,3,60.0,0,22,Derek Hernandez,Male,San Diego,2,11022
high,0,32,2.0,0.07,121.34,yes,no,1,24.0,1,2,John Cole,Not Declared,Other,0,11020
high,0,33,3.6,0.03,77.81,no,no,3,16.0,1,9,Paul Jensen,Male,Other,0,11020
high,0,25,3.4,0.0,0.0,yes,no,2,29.0,0,4,Brenda Sherman,Female,Other,0,11020
high,0,42,4.2,0.03,87.31,yes,no,4,36.0,1,14,Christina Andersen,Female,Other,0,11020
low,3,35,1.7,0.0,0.0,yes,no,3,135.0,0,25,Brett Wheeler,Male,Other,0,11020
low,0,33,1.94,0.0,0.0,no,no,1,96.0,1,5,Kenneth Gilmore,Male,Other,0,11020
high,0,33,2.9,0.2,471.34,yes,no,2,147.0,1,8,Bryan Potter,Male,Sacramento,1,11021
high,0,48,1.7,0.01,16.63,yes,no,0,108.0,1,18,David Fuentes,Male,Other,0,11020
low,0,26,4.9,0.0,0.0,no,no,2,6.0,1,0,James Hall,Male,Other,0,11020
high,0,40,2.22,0.4,737.08,yes,no,2,10.0,1,14,Louis Wood,Male,Sacramento,1,11021
high,0,32,6.11,0.11,544.52,yes,no,1,67.0,1,1,Misty Carey,Not Declared,Sacramento,1,11021
low,1,20,2.62,0.0,0.0,no,yes,0,20.0,1,2,Charles Malone,Male,Other,0,11020
low,2,21,1.56,0.0,0.0,yes,no,0,1.0,1,12,Jacob Lee,Male,Other,0,11020
high,0,27,2.65,0.07,160.88,yes,no,3,24.0,1,3,Christopher Robinson,Male,San Francisco,3,11023
high,0,43,2.8,0.05,108.62,yes,no,0,147.0,1,1,Robert Baker,Male,Other,0,11020
high,0,24,1.6,0.38,500.62,yes,no,0,48.0,0,1,Roberto Douglas,Male,Sacramento,1,11021
high,0,29,5.0,0.16,674.91,yes,no,4,3.0,1,0,Tommy Sanchez,Male,Sacramento,1,11021
high,1,27,2.04,0.21,364.82,no,no,0,24.0,1,10,William Carson,Male,San Diego,2,11022
high,0,47,5.04,0.05,216.16,no,no,3,47.0,1,9,Adam Rivera,Male,San Diego,2,11022
low,0,19,1.92,0.0,0.0,no,no,0,6.0,0,4,Stephen Evans,Male,Other,0,11020
low,0,42,3.4,0.0,0.0,yes,no,3,5.0,1,9,Hector Beard,Male,Other,0,11020
high,0,42,3.2,0.11,287.76,yes,no,0,68.0,1,9,Christopher Oneal,Male,San Diego,2,11022
high,0,44,3.1,0.13,323.06,yes,no,0,75.0,1,5,Joshua Woods,Not Declared,San Diego,2,11022
high,0,35,1.88,0.14,214.1,no,no,1,3.0,1,12,Aaron Howell Jr.,Male,San Diego,2,11022
high,0,21,2.4,0.08,163.84,no,no,0,105.0,0,1,Dustin Smith,Male,San Francisco,3,11023
high,0,25,3.0,0.06,154.74,yes,no,0,40.0,1,16,Eric Hall,Male,San Francisco,3,11023
low,0,40,1.84,0.0,0.0,no,yes,2,18.0,1,0,Gary West,Male,Other,0,11020
high,0,35,2.5,0.08,164.81,yes,no,1,42.0,0,11,Christian Gordon,Male,San Francisco,3,11023
high,0,31,5.11,0.03,126.39,yes,no,2,16.0,1,19,Samuel Gomez,Male,Other,0,11020
high,0,51,2.5,0.02,39.91,yes,no,0,138.0,0,3,Stephanie Russo,Female,Other,0,11020
high,0,34,5.4,0.07,321.21,yes,no,3,24.0,1,4,Paul Scott,Male,San Diego,2,11022
low,2,30,2.5,0.0,0.0,no,no,0,12.0,1,18,Thomas Russell,Male,Other,0,11020
high,0,33,2.1,0.13,228.97,no,no,0,6.0,0,0,Jeffrey Mendez,Male,San Diego,2,11022
high,1,32,6.0,0.09,449.04,no,no,0,6.0,0,17,Jacob Weber,Male,San Diego,2,11022
high,0,26,1.56,0.06,79.61,no,no,2,13.0,1,13,Scott Garcia,Male,Other,0,11020
high,0,31,4.07,0.07,233.04,no,no,0,12.0,1,14,Robert Dixon,Male,San Diego,2,11022
high,1,20,2.7,0.12,266.19,no,no,0,147.0,1,22,Anthony Parsons,Male,San Diego,2,11022
high,0,23,2.04,0.12,204.09,yes,no,0,7.0,1,12,Robert Henry,Not Declared,San Diego,2,11022
high,0,60,2.8,0.04,101.85,yes,no,3,232.0,1,7,Brian Jackson,Male,Other,0,11020
high,0,24,6.2,0.17,881.26,no,no,0,12.0,1,7,Megan Potts,Female,Sacramento,1,11021
high,0,30,2.19,0.49,889.58,no,no,0,6.0,1,0,Fernando Little,Male,Sacramento,1,11021
high,0,29,3.2,0.05,142.88,no,no,0,36.0,0,6,Shane Lee,Male,Other,0,11020
high,0,48,2.3,0.23,434.12,yes,no,0,72.0,0,2,Ashley Velazquez,Female,San Diego,2,11022
high,0,25,1.76,0.14,201.66,no,no,0,28.0,1,12,Chad Hart,Male,San Francisco,3,11023
low,0,69,1.8,0.0,0.0,yes,no,0,528.0,0,5,Randy Crawford,Male,Other,0,11020
high,0,53,3.96,0.0,7.08,yes,no,1,180.0,0,5,Julie Mclean,Female,Other,0,11020
high,0,54,2.5,0.01,18.25,yes,no,1,102.0,0,13,Katelyn Oconnor,Female,Other,0,11020
high,0,32,2.28,0.07,127.98,yes,no,0,48.0,0,15,Kristin Patterson,Female,Other,0,11020
high,0,33,2.5,0.08,161.16,yes,no,1,30.0,1,6,Jonathan Barnett,Male,San Francisco,3,11023
high,0,23,2.6,0.82,1786.28,no,no,0,4.0,1,0,Crystal Christensen,Female,Sacramento,1,11021
high,0,24,2.2,0.16,284.26,yes,no,0,36.0,1,6,Dawn Reed,Female,San Diego,2,11022
high,4,40,2.45,0.21,426.45,yes,no,1,41.0,1,12,Joseph Friedman,Male,San Diego,2,11022
low,2,48,6.8,0.0,0.0,yes,yes,1,56.0,0,20,Dr. Rebecca Johnson,Female,Other,0,11020
low,0,35,4.5,0.0,0.0,yes,no,6,6.0,0,0,James Holmes,Male,Other,0,11020
high,0,49,4.96,0.11,435.99,yes,no,4,168.0,1,7,Michelle Mathis,Female,San Diego,2,11022
high,0,34,5.0,0.01,58.08,yes,no,4,6.0,1,0,Thomas Dawson,Male,Other,0,11020
high,0,34,2.1,0.06,103.33,no,no,2,49.0,1,4,Beth Maxwell,Female,Other,0,11020
high,0,47,10.4,0.23,2001.55,yes,no,2,9.0,0,0,Richard Graham,Male,Sacramento,1,11021
low,0,19,1.56,0.0,0.0,yes,no,0,46.0,0,3,Mr. Robert Evans,Male,Other,0,11020
low,9,30,2.3,0.0,0.0,no,yes,3,15.0,1,9,Jessica Fisher,Female,Other,0,11020
low,0,40,4.99,0.0,0.0,yes,no,2,32.0,1,16,Jonathan Torres,Male,Other,0,11020
low,6,35,5.63,0.0,0.0,yes,no,3,18.0,0,10,Alyssa Bradley,Female,Other,0,11020
low,0,23,1.67,0.0,0.0,no,no,0,27.0,1,0,Dustin Marks,Male,Other,0,11020
high,0,0,1.6,0.15,205.25,no,no,0,1.0,1,9,Christopher Lee,Male,San Diego,2,11022
high,0,24,1.51,0.21,258.17,yes,no,0,30.0,1,2,Casey Andrews,Female,San Diego,2,11022
high,0,38,2.85,0.01,15.83,yes,no,1,120.0,1,16,Shannon Howard,Female,Other,0,11020
high,0,24,2.3,0.09,163.04,no,no,0,26.0,1,7,Robert Williams,Male,San Francisco,3,11023
high,0,25,3.0,0.19,475.02,no,no,0,10.0,0,0,Christopher Thompson,Male,Sacramento,1,11021
high,1,23,2.2,0.23,429.9,yes,no,0,228.0,0,9,Leonard Andrews,Male,San Diego,2,11022
high,0,49,0.21,0.27,47.24,yes,no,2,42.0,1,1,Kenneth Johnson,Not Declared,Other,0,11020
high,0,37,2.8,0.17,396.5,no,no,0,36.0,1,23,Tracy Johnston,Female,San Diego,2,11022
low,0,20,1.8,0.0,0.0,no,no,0,4.0,0,1,Anne Smith,Female,Other,0,11020
low,2,24,2.2,0.0,0.0,no,no,0,6.0,1,8,Scott Norman,Male,Other,0,11020
high,1,28,3.0,0.03,73.17,no,no,0,51.0,1,5,Eric Perez,Male,Other,0,11020
high,0,45,2.4,0.01,23.58,yes,no,2,122.0,1,11,Joseph Clark,Male,Other,0,11020
low,0,20,1.2,0.0,0.0,no,yes,1,24.0,1,0,Jack Hurley,Male,Other,0,11020
high,0,54,6.8,0.1,569.92,no,no,0,24.0,1,15,Ryan Smith,Male,Sacramento,1,11021
high,0,24,1.5,0.02,24.07,no,no,0,28.0,1,5,Gary Gutierrez,Male,Other,0,11020
high,0,31,2.7,0.12,258.88,no,no,0,19.0,1,0,Christopher Kline,Male,San Diego,2,11022
high,1,43,3.5,0.13,387.22,yes,no,3,180.0,0,19,Amanda Harrison,Female,San Diego,2,11022
low,0,31,2.1,0.0,0.0,no,no,2,60.0,1,2,James Simmons,Male,Other,0,11020
high,0,22,2.5,0.4,839.3,no,no,0,4.0,1,1,Paul Taylor,Male,Sacramento,1,11021
high,0,28,5.47,0.03,133.07,yes,no,3,18.0,1,0,Matthew Wilson,Male,Other,0,11020
low,0,27,2.35,0.0,0.0,no,no,3,6.0,1,0,William Torres,Male,Other,0,11020
high,0,22,1.65,0.05,68.55,no,no,0,36.0,1,3,Hannah Brown,Female,Other,0,11020
high,0,34,9.2,0.09,664.12,yes,no,5,81.0,1,7,Christopher Bennett,Male,Sacramento,1,11021
high,1,54,7.29,0.11,647.21,yes,no,2,78.0,1,9,Brandon Burke,Not Declared,Sacramento,1,11021
high,0,32,2.72,0.18,402.72,no,no,1,6.0,1,8,Robert Harvey,Male,San Diego,2,11022
high,0,40,3.62,0.02,47.08,yes,no,3,124.0,1,19,Michael Rice Jr.,Male,Other,0,11020
high,0,26,5.3,0.05,242.14,yes,no,1,24.0,1,20,James Franco,Male,San Diego,2,11022
high,0,55,4.9,0.07,273.49,yes,no,2,96.0,1,17,Brian Young,Male,San Diego,2,11022
high,0,32,3.62,0.05,150.29,yes,no,3,97.0,1,13,James Leblanc,Male,San Francisco,3,11023
high,0,38,2.14,0.06,106.2,no,no,1,66.0,1,14,Kirk Lee,Male,Other,0,11020
high,0,28,2.5,0.19,402.79,yes,no,0,18.0,1,7,Marc Morris,Male,San Diego,2,11022
low,0,39,0.49,0.0,0.0,yes,no,2,100.0,1,0,Michael Burns,Male,Other,0,11020
high,1,55,4.3,0.04,125.48,yes,no,0,6.0,1,31,Tracy Johnson,Male,Other,0,11020
high,0,42,6.3,0.04,213.0,yes,no,4,72.0,1,20,Grant Curtis,Male,San Diego,2,11022
high,0,21,2.4,0.1,201.58,no,no,0,2.0,1,5,Chad Reyes MD,Male,San Francisco,3,11023
high,0,33,2.8,0.03,70.28,yes,no,1,72.0,1,20,Paul Williams,Male,Other,0,11020
high,0,37,5.0,0.05,188.73,yes,no,4,36.0,1,25,Erin Howell,Female,San Francisco,3,11023
high,0,28,2.8,0.01,32.67,no,no,0,27.0,1,19,Jimmy Todd,Male,Other,0,11020
high,0,31,2.8,0.09,202.47,yes,no,3,15.0,1,17,Christopher Archer,Not Declared,San Francisco,3,11023
high,0,30,2.65,0.03,69.43,no,no,3,36.0,1,9,Jennifer Green,Female,Other,0,11020
low,0,25,1.6,0.0,0.0,no,no,0,12.0,1,0,Jessica Clark,Female,Other,0,11020
low,4,46,2.1,0.0,0.0,no,no,0,25.0,0,3,Michael Diaz,Male,Other,0,11020
low,0,36,2.41,0.0,0.0,no,no,4,14.0,1,0,Paul King,Male,Other,0,11020
low,1,52,3.1,0.0,0.0,yes,no,2,75.0,1,9,Angela Nguyen,Female,Other,0,11020
high,0,34,2.62,0.04,84.73,no,no,2,3.0,1,12,Timothy Parker,Male,Other,0,11020
low,0,53,11.0,0.0,0.0,yes,yes,0,429.0,1,0,Charles Bailey,Male,Other,0,11020
high,0,22,1.8,0.05,80.06,no,no,0,48.0,0,1,Robert Hebert,Male,Other,0,11020
high,0,30,2.5,0.02,43.44,yes,no,3,50.0,1,14,Andrew Collins,Male,Other,0,11020
high,0,25,1.8,0.1,142.95,no,no,0,24.0,0,4,Steven Walters,Male,Other,0,11020
low,0,21,2.73,0.0,0.0,no,no,1,18.0,1,0,Kristy Lewis,Female,Other,0,11020
low,0,22,2.05,0.0,0.0,no,no,0,42.0,0,4,Jason Ramirez,Male,Other,0,11020
high,0,40,5.05,0.03,119.3,yes,no,0,128.0,1,10,Chelsea Watkins,Female,Other,0,11020
low,2,33,3.8,0.0,0.0,yes,no,0,153.0,1,11,Victoria Rogers,Female,Other,0,11020
low,1,35,4.29,0.0,0.0,yes,no,3,24.0,0,13,Michael Stevens,Male,Other,0,11020
high,0,28,3.6,0.04,130.03,yes,yes,0,56.0,1,10,Ashley Floyd,Female,Other,0,11020
high,0,30,4.3,0.13,482.66,yes,no,4,16.0,1,7,Paul Webb,Male,Sacramento,1,11021
low,0,41,4.44,0.0,0.0,yes,no,2,98.0,1,3,Kaitlyn Gonzales,Not Declared,Other,0,11020
high,0,38,2.6,0.4,858.35,no,no,0,33.0,1,16,Travis Carter,Male,Sacramento,1,11021
low,1,33,4.1,0.0,0.0,yes,no,2,22.0,1,15,Adrian Lewis,Male,Other,0,11020
low,0,29,2.86,0.0,0.0,no,no,0,38.0,1,0,Angela Wolf,Female,Other,0,11020
high,0,27,2.4,0.02,33.01,no,no,0,56.0,1,1,David Dominguez,Male,Other,0,11020
high,0,23,1.8,0.03,46.06,no,no,1,4.0,0,0,Melissa Perez,Female,Other,0,11020
high,0,33,1.8,0.11,169.88,no,no,0,4.0,1,8,Clarence Smith,Male,San Francisco,3,11023
high,0,38,5.1,0.02,90.06,no,no,0,60.0,1,7,Nicole Marshall,Female,Other,0,11020
high,0,35,3.56,0.11,323.59,no,no,0,12.0,1,0,Mark Parker,Male,San Diego,2,11022
high,0,30,4.15,0.15,520.34,no,no,1,16.0,1,4,Michael Perez,Male,Sacramento,1,11021
low,0,31,2.02,0.0,0.0,no,no,0,14.0,1,3,John Rosales,Male,Other,0,11020
high,0,23,1.8,0.11,167.21,no,no,0,6.0,1,0,Ronald Webb,Male,San Francisco,3,11023
high,1,25,2.9,0.09,209.84,no,no,0,276.0,1,6,Devin Walter,Male,San Diego,2,11022
low,6,35,4.0,0.0,0.0,no,no,0,29.0,0,5,Steven Bell,Male,Other,0,11020
high,0,28,2.95,0.09,229.8,no,no,0,26.0,1,4,David Velasquez,Male,San Diego,2,11022
low,0,37,3.2,0.0,0.0,no,no,0,14.0,1,0,Susan Williams,Female,Other,0,11020
high,0,41,4.5,0.14,536.25,yes,no,2,6.0,1,10,Robert Moss,Male,Sacramento,1,11021
low,6,37,7.0,0.0,0.0,yes,no,4,120.0,1,10,Kristen Moody,Female,Other,0,11020
low,0,19,2.2,0.0,0.0,no,no,0,6.0,1,0,Christopher Taylor,Male,Other,0,11020
high,0,22,2.8,0.08,191.84,no,no,0,4.0,1,0,Austin Roberts,Male,San Francisco,3,11023
high,0,29,2.2,0.0,0.0,no,no,0,9.0,1,0,Richard West,Male,Other,0,11020
high,0,26,5.77,0.08,362.75,yes,no,1,13.0,1,11,Connie Lopez,Female,San Diego,2,11022
high,0,43,2.43,0.08,163.18,no,no,2,18.0,1,28,Seth Daugherty,Male,San Francisco,3,11023
high,0,37,7.0,0.03,176.27,yes,no,2,14.0,1,17,Darlene Dyer,Female,San Francisco,3,11023
high,0,26,2.15,0.03,61.33,no,no,0,10.0,0,4,Emily Garcia,Female,Other,0,11020
high,0,42,5.2,0.01,57.44,yes,no,3,29.0,1,9,Adam Harrington,Male,Other,0,11020
high,0,28,4.7,0.24,948.36,yes,no,0,6.0,1,19,Paul Rose,Male,Sacramento,1,11021
high,0,26,2.5,0.06,132.59,yes,no,0,14.0,1,13,Kenneth Robles,Male,Other,0,11020
high,0,48,5.0,0.02,91.18,no,no,3,7.0,1,0,Brenda Porter,Female,Other,0,11020
high,0,27,3.5,0.05,146.43,yes,no,2,17.0,1,11,David Adams,Male,San Francisco,3,11023
high,0,26,2.45,0.05,111.82,no,no,0,6.0,1,11,Johnny Brown,Male,Other,0,11020
low,0,21,10.0,0.0,0.0,no,no,2,8.0,0,0,Mrs. Jessica Buchanan PhD,Female,Other,0,11020
high,0,30,3.2,0.15,396.27,yes,no,2,12.0,0,7,Alexis Cameron,Female,San Diego,2,11022
high,0,27,3.54,0.01,19.59,no,no,2,3.0,1,0,Mr. Daniel Freeman PhD,Male,Other,0,11020
high,0,49,3.11,0.01,21.46,yes,no,1,16.0,0,6,Joseph Carpenter,Male,Other,0,11020
low,2,35,2.25,0.0,0.0,no,no,1,84.0,1,3,Michele Russell,Female,Other,0,11020
high,1,48,6.0,0.18,885.09,yes,no,3,114.0,1,19,Douglas Dawson,Male,Sacramento,1,11021
low,11,24,1.68,0.0,0.0,no,no,2,2.0,1,8,Mary Olson,Female,Other,0,11020
high,0,29,2.4,0.02,29.96,no,no,1,18.0,1,8,Jordan Bell,Male,Other,0,11020
high,0,41,3.2,0.01,26.88,no,no,1,16.0,1,2,Lisa Grant,Female,Other,0,11020
high,0,40,6.0,0.08,394.57,yes,no,0,42.0,1,5,David Williams,Male,San Diego,2,11022
high,0,22,1.75,0.62,906.31,no,no,0,2.0,1,0,Rebecca Hernandez,Female,Sacramento,1,11021
low,0,36,4.5,0.0,0.0,yes,no,2,228.0,1,0,Jamie Morales,Female,Other,0,11020
high,0,39,2.5,0.19,400.45,no,no,0,12.0,1,4,Matthew Kaufman,Male,San Diego,2,11022
high,0,31,2.55,0.14,303.67,no,no,1,60.0,1,7,Christopher Watts,Male,San Diego,2,11022
high,0,33,3.26,0.05,143.02,no,no,0,37.0,1,18,Jason Calhoun,Male,Other,0,11020
high,1,22,3.6,0.05,146.44,no,no,0,30.0,1,20,Michael Holt,Male,San Francisco,3,11023
low,0,35,2.78,0.0,0.0,no,no,0,6.0,1,0,Joy Evans,Not Declared,Other,0,11020
high,0,58,4.4,0.03,97.18,yes,yes,1,132.0,1,12,Thomas King,Male,Other,0,11020
high,0,38,3.2,0.01,39.0,yes,no,2,24.0,1,19,Nicholas Burke,Male,Other,0,11020
low,0,27,1.6,0.0,0.0,yes,no,1,30.0,0,0,Travis Hanson,Male,Other,0,11020
low,0,23,1.64,0.0,0.0,no,no,1,13.0,1,0,Chad Glenn,Male,Other,0,11020
high,0,30,2.7,0.01,27.42,no,no,2,1.0,1,8,Richard Hansen,Male,Other,0,11020
high,0,34,3.5,0.06,179.72,yes,no,0,24.0,0,10,James Sanders,Male,San Francisco,3,11023
high,1,39,3.42,0.03,82.66,yes,no,0,41.0,1,12,Steven Burton,Male,Other,0,11020
high,0,38,6.5,0.03,157.84,yes,no,3,60.0,1,9,Nicole Fisher,Female,San Francisco,3,11023
high,0,20,2.0,0.04,63.55,no,no,0,111.0,1,6,Cynthia Powell,Female,Other,0,11020
high,0,35,3.58,0.05,154.86,yes,no,2,123.0,1,7,Curtis Gonzalez,Male,San Francisco,3,11023
high,0,25,2.5,0.02,44.02,no,no,0,25.0,1,10,Frederick Morris,Male,Other,0,11020
high,1,40,2.0,0.25,424.63,yes,no,1,121.0,1,10,Scott Baker,Male,San Diego,2,11022
high,0,30,2.51,0.0,4.58,no,yes,3,36.0,0,4,Bradley May,Male,Other,0,11020
low,0,39,2.3,0.0,0.0,no,yes,0,46.0,1,3,George Smith,Male,Other,0,11020
low,0,22,3.86,0.0,0.0,no,no,1,36.0,0,4,Catherine Turner,Female,Other,0,11020
low,1,30,2.18,0.0,0.0,no,yes,0,13.0,1,1,Julian Choi,Male,Other,0,11020
high,0,33,4.57,0.0,7.33,yes,no,0,94.0,1,19,Cheryl Ramirez,Female,Other,0,11020
low,5,23,3.19,0.0,0.0,no,no,3,12.0,1,5,Mr. David Woods III,Male,Other,0,11020
high,0,40,4.6,0.03,101.3,yes,no,2,1.0,1,2,Roger Allison,Male,Other,0,11020
high,0,32,3.7,0.01,27.0,no,yes,0,60.0,1,7,Jennifer Burton,Female,Other,0,11020
high,0,48,3.7,0.11,344.16,yes,no,2,2.0,1,0,Taylor Thomas,Female,San Diego,2,11022
